Year,Concentration,"f(M,N_2010)",Forcing (W/m2),Note: RCP8.5
2010,1778.6749,0.166415757,0.475617653,
2011,1818.420873,0.168823558,0.490079703,
2012,1857.539676,0.171172505,0.504155318,
2013,1896.081889,0.173467179,0.51787482,
2014,1934.09401,0.17571173,0.531265547,
2015,1971.618788,0.177909917,0.544352185,
2016,2008.695525,0.180065156,0.557157066,
2017,2045.360354,0.182180547,0.569700418,
2018,2081.646493,0.184258916,0.582000591,
2019,2117.584482,0.186302834,0.594074257,
2020,2153.202396,0.188314647,0.605936576,
2021,2188.52605,0.190296494,0.617601357,
2022,2223.34423,0.19223728,0.629004558,
2023,2257.697701,0.194140083,0.640165624,
2024,2291.62394,0.196007709,0.651102212,
2025,2325.1574,0.197842711,0.661830375,
2026,2358.329757,0.199647422,0.67236472,
2027,2391.170133,0.201423966,0.682718552,
2028,2423.705301,0.203174287,0.692904002,
2029,2455.959873,0.204900162,0.70293214,
2030,2487.956478,0.206603214,0.712813077,
2031,2519.715921,0.20828493,0.722556055,
2032,2552.265971,0.209999677,0.732475937,
2033,2585.542869,0.211743649,0.742549956,
2034,2619.487999,0.213513382,0.752757433,
2035,2654.047471,0.215305726,0.763079602,
2036,2689.171742,0.217117821,0.773499457,
2037,2724.815262,0.218947068,0.784001594,
2038,2760.936158,0.220791111,0.794572082,
2039,2797.49593,0.222647816,0.805198325,
2040,2834.459187,0.224515249,0.815868956,
2041,2871.793388,0.226391661,0.826573719,
2042,2909.693212,0.228286673,0.837367119,
2043,2948.113045,0.230197787,0.848234444,
2044,2987.010951,0.232122738,0.859162394,
2045,3026.348375,0.234059475,0.870138954,
2046,3066.089871,0.236006144,0.881153284,
2047,3106.202855,0.237961068,0.892195612,
2048,3146.657366,0.23992273,0.903257139,
2049,3187.425863,0.241889766,0.914329953,
2050,3228.483024,0.243860942,0.925406945,
2051,3269.80557,0.24583515,0.936481738,
2052,3310.254648,0.247758388,0.947252054,
2053,3349.900701,0.249634754,0.957742199,
2054,3388.808488,0.251467982,0.967974254,
2055,3427.037546,0.253261471,0.977968298,
2056,3464.642612,0.255018325,0.987742602,
2057,3501.674008,0.256741374,0.997313806,
2058,3538.177998,0.258433204,1.006697072,
2059,3574.197114,0.260096176,1.01590623,
2060,3609.770458,0.26173245,1.024953894,
2061,3644.933981,0.263343999,1.033851584,
2062,3678.518513,0.264877821,1.042307866,
2063,3710.651392,0.266340519,1.05036086,
2064,3741.449687,0.267738104,1.058045155,
2065,3771.021025,0.26907605,1.06539217,
2066,3799.464355,0.270359351,1.07243047,
2067,3826.870645,0.271592557,1.079186044,
2068,3853.323528,0.272779827,1.085682557,
2069,3878.89989,0.273924954,1.09194157,
2070,3903.670419,0.275031407,1.097982743,
2071,3927.700102,0.276102356,1.103824009,
2072,3951.27685,0.277150835,1.109536935,
2073,3974.43719,0.278178617,1.115131527,
2074,3997.214703,0.279187327,1.120616933,
2075,4019.640262,0.280178452,1.126001527,
2076,4041.74225,0.281153357,1.13129297,
2077,4063.546763,0.282113291,1.136498277,
2078,4085.07779,0.283059401,1.141623869,
2079,4106.357386,0.283992736,1.146675632,
2080,4127.405828,0.284914261,1.151658953,
2081,4148.241757,0.28582486,1.156578773,
2082,4169.172733,0.286738003,1.16150792,
2083,4190.19109,0.28765335,1.166444516,
2084,4211.289782,0.288570588,1.171386843,
2085,4232.462329,0.289489435,1.176333337,
2086,4253.702777,0.29040963,1.18128257,
2087,4275.005648,0.291330937,1.18623324,
2088,4296.36591,0.292253138,1.191184163,
2089,4317.778932,0.293176038,1.19613426,
2090,4339.240462,0.294099455,1.201082549,
2091,4360.746586,0.295023227,1.206028137,
2092,4381.124169,0.295897091,1.210702296,
2093,4400.464223,0.296725185,1.215127825,
2094,4418.850418,0.297511293,1.219325535,
2095,4436.35968,0.298258879,1.223314433,
2096,4453.062728,0.298971115,1.227111887,
2097,4469.024579,0.299650904,1.230733774,
2098,4484.305009,0.300300908,1.234194613,
2099,4498.958969,0.300923566,1.237507688,
2100,4513.036982,0.301521112,1.240685156,
2101,4526.585496,0.302095594,1.243738146,
2102,4539.041387,0.302623242,1.246540646,
2103,4550.492771,0.303107911,1.249113535,
2104,4561.020656,0.303553137,1.251475898,
2105,4570.699518,0.303962156,1.253645191,
2106,4579.597827,0.304337936,1.255637388,
2107,4587.77853,0.304683198,1.257467108,
2108,4595.299499,0.305000436,1.259147739,
2109,4602.213938,0.305291939,1.260691546,
2110,4608.570762,0.305559806,1.262109763,
2111,4614.414938,0.305805964,1.26341269,
2112,4619.78781,0.306032179,1.264609768,
2113,4624.727385,0.306240075,1.265709653,
2114,4629.268608,0.30643114,1.266720287,
2115,4633.443603,0.306606742,1.267648952,
2116,4637.281905,0.306768137,1.268502333,
2117,4640.810666,0.306916478,1.26928656,
2118,4644.05485,0.307052822,1.270007263,
2119,4647.037406,0.307178144,1.270669609,
2120,4649.779434,0.307293336,1.27127834,
2121,4652.30033,0.307399218,1.271837811,
2122,4654.617928,0.307496545,1.272352021,
2123,4656.748623,0.307586009,1.272824642,
2124,4658.707488,0.307668246,1.273259047,
2125,4660.50838,0.307743841,1.273658334,
2126,4662.164038,0.307813332,1.274025347,
2127,4663.686176,0.307877211,1.274362702,
2128,4665.085561,0.307935932,1.274672798,
2129,4666.372092,0.307989913,1.274957843,
2130,4667.554871,0.308039537,1.275219864,
2131,4668.642264,0.308085154,1.275460723,
2132,4669.641964,0.30812709,1.275682131,
2133,4670.561043,0.308165642,1.275885662,
2134,4671.406003,0.308201082,1.27607276,
2135,4672.182821,0.308233662,1.276244753,
2136,4672.896993,0.308263613,1.276402863,
2137,4673.55357,0.308291148,1.27654821,
2138,4674.157197,0.308316461,1.276681827,
2139,4674.712144,0.308339731,1.27680466,
2140,4675.222338,0.308361124,1.27691758,
2141,4675.691387,0.308380791,1.277021387,
2142,4676.12261,0.308398872,1.277116819,
2143,4676.519056,0.308415494,1.27720455,
2144,4676.883531,0.308430775,1.277285202,
2145,4677.218613,0.308444823,1.277359347,
2146,4677.526672,0.308457738,1.277427511,
2147,4677.809888,0.308469612,1.277490175,
2148,4678.070264,0.308480527,1.277547784,
2149,4678.309641,0.308490563,1.277600745,
2150,4678.529714,0.308499788,1.277649434,
2151,4678.73204,0.30850827,1.277694196,
2152,4678.979307,0.308518635,1.277748899,
2153,4679.267897,0.308530733,1.277812741,
2154,4679.594471,0.308544422,1.277884985,
2155,4679.955969,0.308559575,1.27796495,
2156,4680.349576,0.308576074,1.278052015,
2157,4680.772699,0.308593809,1.278145604,
2158,4681.222958,0.308612681,1.278245191,
2159,4681.698166,0.308632598,1.278350289,
2160,4682.196312,0.308653476,1.278460455,
2161,4682.715545,0.308675236,1.278575278,
2162,4683.254163,0.308697809,1.27869438,
2163,4683.810606,0.308721127,1.278817417,
2164,4684.383434,0.308745131,1.278944068,
2165,4684.971326,0.308769765,1.27907404,
2166,4685.573069,0.308794979,1.279207067,
2167,4686.187544,0.308820725,1.279342898,
2168,4686.813723,0.308846961,1.279481307,
2169,4687.450666,0.308873646,1.279622085,
2170,4688.097502,0.308900744,1.279765039,
2171,4688.753433,0.308928222,1.279909993,
2172,4689.417725,0.30895605,1.280056783,
2173,4690.089708,0.308984198,1.280205262,
2174,4690.768758,0.30901264,1.28035529,
2175,4691.454304,0.309041354,1.280506742,
2176,4692.145827,0.309070316,1.280659502,
2177,4692.842842,0.309099507,1.280813463,
2178,4693.544904,0.309128908,1.280968527,
2179,4694.251611,0.309158502,1.281124605,
2180,4694.962584,0.309188273,1.281281612,
2181,4695.67748,0.309218207,1.281439472,
2182,4696.395982,0.309248291,1.281598116,
2183,4697.117803,0.309278512,1.28175748,
2184,4697.842672,0.309308859,1.281917503,
2185,4698.570342,0.309339322,1.282078132,
2186,4699.300592,0.309369891,1.282239316,
2187,4700.03321,0.309400558,1.28240101,
2188,4700.768004,0.309431314,1.282563171,
2189,4701.504804,0.309462153,1.282725761,
2190,4702.243443,0.309493067,1.282888743,
2191,4702.983774,0.30952405,1.283052085,
2192,4703.725663,0.309555097,1.283215757,
2193,4704.468981,0.309586202,1.28337973,
2194,4705.213613,0.309617361,1.283543979,
2195,4705.959454,0.309648568,1.283708481,
2196,4706.706408,0.309679821,1.283873215,
2197,4707.454383,0.309711114,1.284038159,
2198,4708.203297,0.309742445,1.284203297,
2199,4708.953077,0.309773811,1.284368612,
2200,4709.70365,0.309805209,1.284534087,
