,RCP3-PD/2.6,RCP4.5,RCP6,RCP8.5,RCP3-PD/2.6,RCP4.5,RCP6,RCP8.5,RCP3-PD/2.6,RCP4.5,RCP6,RCP8.5,RCP3-PD/2.6,RCP4.5,RCP6,RCP8.5,RCP3-PD/2.6,RCP4.5,RCP6,RCP8.5,RCP3-PD/2.6,RCP4.5,RCP6,RCP8.5
Year,CO2 (Mt CO2/yr),CO2 (Mt CO2/yr),CO2 (Mt CO2/yr),CO2 (Mt CO2/yr),CH4 (Mt CH4/yr),CH4 (Mt CH4/yr),CH4 (Mt CH4/yr),CH4 (Mt CH4/yr),Forcing|other agents (W/m2),Forcing|other agents (W/m2),Forcing|other agents (W/m2),Forcing|other agents (W/m2),Concentration|CH4 (ppm),Concentration|CH4 (ppm),Concentration|CH4 (ppm),Concentration|CH4 (ppm),Concentration|N2O (ppm),Concentration|N2O (ppm),Concentration|N2O (ppm),Concentration|N2O (ppm),Emissions|Sulfur,Emissions|Sulfur,Emissions|Sulfur,Emissions|Sulfur
2010,36218.96667,34899.33333,34426.7,36554.1,336.6229,322.5448,324.6848,347.3935,-0.257287646,-0.258829305,-0.293540847,-0.234902531,1773.1278,1767.0978,1768.688,1778.6749,322.95654,322.96652,323.07147,323.06113,62.23901814,49.51210501,47.16215543,43.3714
2011,36359.25333,35153.91,34414.82,37461.49,328.6374,323.84112,323.38128,354.56076,-0.24050011,-0.247606965,-0.285231051,-0.22674565,1779.5403,1770.3696,1772.7889,1788.0274,323.64575,323.66136,323.82554,323.80912,61.3386502,48.94604994,47.68170569,43.1495
2012,36499.54,35408.48667,34402.94,38368.88,320.6519,325.13744,322.07776,361.72802,-0.222808149,-0.235988772,-0.27544047,-0.220835115,1784.5519,1773.634,1776.5604,1798.6137,324.32716,324.35776,324.58119,324.57523,60.43828225,48.37999486,48.20125594,42.9276
2013,36639.82667,35663.06333,34391.06,39276.27,312.6664,326.43376,320.77424,368.89528,-0.206426232,-0.224129266,-0.265788734,-0.214021381,1786.3689,1776.916,1779.589,1810.5166,324.99264,325.0557,325.32519,325.36418,59.53791431,47.81393979,48.7208062,42.7057
2014,36780.11333,35917.64,34379.18,40183.66,304.6809,327.73008,319.47072,376.06254,-0.191017494,-0.21248458,-0.25660751,-0.207213001,1785.2863,1780.2442,1781.9675,1823.6553,325.6422,325.75517,326.05742,326.17584,58.63754636,47.24788471,49.24035646,42.4838
2015,36920.4,36172.21667,34367.3,41091.05,296.6954,329.0264,318.1672,383.2298,-0.176279607,-0.200821649,-0.247649957,-0.200195654,1781.5822,1783.6532,1783.7889,1837.9657,326.27584,326.45616,326.77777,327.0101,57.73717842,46.68182964,49.75990672,42.2619
2016,37060.68667,36426.79333,34355.42,41998.44,288.7099,330.32272,316.86368,390.39706,-0.16213201,-0.189121826,-0.238881982,-0.192967741,1775.478,1787.1405,1785.1042,1853.3544,326.8936,327.15866,327.48616,327.86681,56.83681047,46.11577456,50.27945697,42.04
2017,37200.97333,36681.37,34343.54,42905.83,280.7244,331.61904,315.56016,397.56432,-0.148507055,-0.177373824,-0.230275956,-0.185533486,1767.1513,1790.6772,1785.9337,1869.7086,327.49559,327.86264,328.18265,328.7458,55.93644253,45.54971949,50.79900723,41.8181
2018,37341.26,36935.94667,34331.66,43813.22,272.7389,332.91536,314.25664,404.73158,-0.135343846,-0.16557073,-0.22181084,-0.177901758,1756.7736,1794.2446,1786.3038,1886.932,328.08194,328.56811,328.86735,329.64686,55.03607458,44.98366441,51.31855749,41.5962
2019,37481.54667,37190.52333,34319.78,44720.61,264.7534,334.21168,312.95312,411.89884,-0.122172133,-0.153285387,-0.213045068,-0.169660188,1744.5114,1797.8331,1786.2466,1904.9443,328.6528,329.27503,329.54034,330.5698,54.13570664,44.41760934,51.83810774,41.3743
2020,37621.83333,37445.1,34307.9,45628,256.7679,335.508,311.6496,419.0661,-0.110295452,-0.141434492,-0.203503934,-0.160267188,1730.518,1801.4336,1785.7913,1923.671,329.2083,329.98341,330.20175,331.51441,53.23533869,43.85155426,52.357658,41.1524
2021,36773.11,37796.11,34337.63667,46401.70333,254.65433,335.85701,313.11564,425.58022,-0.101195288,-0.1311468,-0.192891119,-0.149370922,1714.8713,1804.9692,1784.8938,1942.9669,329.74858,330.69322,330.85166,332.4805,51.0572239,43.66291199,52.47137204,40.70579
2022,35924.38667,38147.12,34367.37333,47175.40667,252.54076,336.20602,314.58168,432.09434,-0.094069321,-0.121203637,-0.181479006,-0.138505207,1698.7239,1808.3032,1784.0299,1962.6522,330.27812,331.40414,331.50208,333.466,48.87910912,43.47426972,52.58508608,40.25918
2023,35075.66333,38498.13,34397.11,47949.11,250.42719,336.55503,316.04772,438.60846,-0.087764532,-0.111043137,-0.169890264,-0.128576023,1683.3058,1811.4034,1783.7309,1982.667,330.80136,332.11582,332.165,334.46888,46.70099433,43.28562745,52.69880012,39.81257
2024,34226.94,38849.14,34426.84667,48722.81333,248.31362,336.90404,317.51376,445.12258,-0.081591646,-0.101072022,-0.158188938,-0.118695209,1668.8253,1814.3245,1783.9868,2003.0226,331.31844,332.82825,332.8405,335.48893,44.52287954,43.09698518,52.81251416,39.36596
2025,33378.21667,39200.15,34456.58333,49496.51667,246.20005,337.25305,318.9798,451.6367,-0.075480604,-0.091263412,-0.146358317,-0.108845279,1655.3673,1817.1155,1784.7856,2023.7269,331.8295,333.54143,333.52868,336.52597,42.34476476,42.90834292,52.9262282,38.91935
2026,32529.49333,39551.16,34486.32,50270.22,244.08648,337.60206,320.44584,458.15082,-0.069416049,-0.081604223,-0.134396776,-0.099023337,1642.8547,1819.8284,1786.1234,2044.7958,332.33463,334.25534,334.22958,337.57981,40.16664997,42.71970065,53.03994224,38.47274
2027,31680.77,39902.17,34516.05667,51043.92333,241.97291,337.95107,321.91188,464.66494,-0.063392811,-0.072081041,-0.122303021,-0.089226282,1631.1869,1822.4758,1787.962,2066.2057,332.83393,334.96997,334.94313,338.65031,37.98853518,42.53105838,53.15365628,38.02613
2028,30832.04667,40253.18,34545.79333,51817.62667,239.85934,338.30008,323.37792,471.17906,-0.057407187,-0.062688708,-0.110081771,-0.079457847,1620.2505,1825.0416,1790.2392,2087.9036,333.32743,335.68531,335.66923,339.73729,35.81042039,42.34241611,53.26737032,37.57952
2029,29983.32333,40604.19,34575.53,52591.33,237.74577,338.64909,324.84396,477.69318,-0.051451684,-0.053421263,-0.097735848,-0.069719947,1609.952,1827.5186,1792.9056,2109.849,333.81519,336.40136,336.40777,340.84061,33.63230561,42.15377384,53.38108436,37.13291
2030,29134.6,40955.2,34605.26667,53365.03333,235.6322,338.9981,326.31,484.2073,-0.046752676,-0.043969547,-0.088270731,-0.058471181,1600.2154,1829.9083,1795.9236,2132.0135,334.29728,337.11811,337.15862,341.96012,31.45419082,41.96513157,53.4947984,36.6863
2031,28063.23667,41089.80333,35119.48,54420.11667,234.57183,338.85573,328.09167,493.52545,-0.044546205,-0.034026686,-0.084723975,-0.044161878,1590.9764,1832.2116,1799.2652,2154.3675,334.77372,337.83556,337.92168,343.09567,30.20198881,41.27936272,53.1711161,36.25961
2032,26991.87333,41224.40667,35633.69333,55475.2,233.51146,338.71336,329.87334,502.8436,-0.042804284,-0.024370546,-0.083812392,-0.029184401,1582.2005,1834.2573,1802.8629,2177.3915,335.24387,338.5514,338.69708,344.24737,28.94978679,40.59359387,52.8474338,35.83292
2033,25920.51,41359.01,36147.90667,56530.28333,232.45109,338.57099,331.65501,512.16175,-0.040256636,-0.015404638,-0.082640256,-0.015103628,1573.8792,1835.9165,1806.6744,2201.5638,335.70704,339.26337,339.48491,345.41535,27.69758478,39.90782502,52.52375149,35.40623
2034,24849.14667,41493.61333,36662.12,57585.36667,231.39072,338.42862,333.43668,521.4799,-0.037660059,-0.006765041,-0.081644932,-0.001102948,1566.0052,1837.2698,1810.7279,2226.8476,336.16328,339.97144,340.28509,346.59946,26.44538277,39.22205617,52.20006919,34.97954
2035,23777.78333,41628.21667,37176.33333,58640.45,230.33035,338.28625,335.21835,530.79805,-0.034997847,0.001533633,-0.080850883,0.012787373,1558.5643,1838.3808,1815.0411,2253.1982,336.61265,340.67563,341.09749,347.79956,25.19318076,38.53628733,51.87638689,34.55285
2036,22706.42,41762.82,37690.54667,59695.53333,229.26998,338.14388,337.00002,540.1162,-0.032261805,0.009479866,-0.080277809,0.026541352,1551.5411,1839.3058,1819.6281,2280.5735,337.05519,341.37592,341.92201,349.01549,23.94097874,37.85051848,51.55270459,34.12616
2037,21635.05667,41897.42333,38204.76,60750.61667,228.20961,338.00151,338.78169,549.43435,-0.029450807,0.017062652,-0.079944638,0.040136266,1544.9268,1840.1035,1824.5089,2308.9451,337.49097,342.07235,342.75853,350.24713,22.68877673,37.16474963,51.22902229,33.69947
2038,20563.69333,42032.02667,38718.97333,61805.7,227.14924,337.85914,340.56336,558.7525,-0.026565737,0.024274064,-0.079867177,0.053551279,1538.6838,1840.7918,1829.6668,2338.2441,337.92005,342.76495,343.60696,351.49431,21.43657472,36.47898078,50.90533998,33.27278
2039,19492.33,42166.63,39233.18667,62860.78333,226.08887,337.71677,342.34503,568.07065,-0.023612698,0.031104509,-0.0800623,0.066763785,1532.7554,1841.3593,1835.0584,2368.3713,338.34248,343.45375,344.46717,352.75691,20.1843727,35.79321193,50.58165768,32.84609
2040,18420.96667,42301.23333,39747.4,63915.86667,225.0285,337.5744,344.1267,577.3888,-0.021690262,0.037859705,-0.078688262,0.079431204,1527.0976,1841.8029,1840.6512,2399.2445,338.75834,344.13879,345.33907,354.03477,18.93217069,35.10744308,50.25797538,32.4194
2041,17820.69667,42207.07333,40385.32667,65143.83333,221.45546,336.95066,345.22016,587.33132,-0.02191139,0.044854342,-0.073907826,0.091210581,1521.6802,1842.1277,1846.4199,2430.7994,339.16766,344.82011,346.22254,355.32775,18.27060564,34.33519519,49.65496208,31.64568
2042,17220.42667,42112.91333,41023.25333,66371.8,217.88242,336.32692,346.31362,597.27384,-0.023247872,0.051403465,-0.068096635,0.102646134,1516.0256,1842.2412,1852.2293,2463.0464,339.56219,345.49546,347.11642,356.63072,17.60904059,33.5629473,49.05194878,30.87196
2043,16620.15667,42018.75333,41661.18,67599.76667,214.30938,335.70318,347.40708,607.21636,-0.024713343,0.057232878,-0.06308837,0.114082043,1509.6501,1841.988,1857.8862,2495.8939,339.93362,346.16264,348.01955,357.93854,16.94747553,32.79069941,48.44893548,30.09824
2044,16019.88667,41924.59333,42299.10667,68827.73333,210.73634,335.07944,348.50054,617.15888,-0.026355576,0.062799718,-0.058314023,0.125343794,1502.5989,1841.3496,1863.3519,2529.2211,340.28204,346.82167,348.93183,359.25107,16.28591048,32.01845152,47.84592218,29.32452
2045,15419.61667,41830.43333,42937.03333,70055.7,207.1633,334.4557,349.594,627.1014,-0.028154036,0.068179584,-0.053703257,0.136497313,1494.9915,1840.4075,1868.6891,2563.0514,340.60749,347.47259,349.85315,360.56817,15.62434543,31.24620364,47.24290889,28.5508
2046,14819.34667,41736.27333,43574.96,71283.66667,203.59026,333.83196,350.68746,637.04392,-0.030097456,0.073433679,-0.049199583,0.14759509,1486.9261,1839.2273,1873.9458,2597.397,340.91009,348.11545,350.78342,361.88975,14.96278038,30.47395575,46.63989559,27.77708
2047,14219.07667,41642.11333,44212.88667,72511.63333,200.01722,333.20822,351.78092,646.98644,-0.03216753,0.07860842,-0.044760349,0.158675556,1478.4866,1837.8661,1879.1637,2632.2674,341.19,348.7503,351.72255,363.21573,14.30121533,29.70170786,46.03688229,27.00336
2048,13618.80667,41547.95333,44850.81333,73739.6,196.44418,332.58448,352.87438,656.92896,-0.034308878,0.083737256,-0.040353615,0.169765017,1469.7525,1836.3831,1884.3884,2667.6834,341.44743,349.37722,352.67046,364.54606,13.63965027,28.92945997,45.43386899,26.22964
2049,13018.53667,41453.79333,45488.74,74967.56667,192.87114,331.96074,353.96784,666.87148,-0.036483232,0.088844977,-0.035967502,0.180880884,1460.7653,1834.7965,1889.6253,2703.6131,341.68257,349.99627,353.62706,365.88072,12.97808522,28.15721208,44.83085569,25.45592
2050,12418.26667,41359.63333,46126.66667,76195.53333,189.2981,331.337,355.0613,676.814,-0.03947093,0.092919391,-0.032845658,0.190909564,1451.5398,1833.0944,1894.8503,2739.9847,341.89562,350.60754,354.59228,367.21965,12.31652017,27.38496419,44.22784239,24.6822
2051,11922.38667,40738.28,46854.86667,77411.58333,187.01509,329.96427,355.94998,683.65001,-0.044080046,0.09494385,-0.032208475,0.198729277,1442.0963,1831.2756,1900.0515,2776.7447,342.0868,351.21109,355.56603,368.56281,11.92700068,27.0124951,43.61535976,24.16146
2052,11426.50667,40116.92667,47583.06667,78627.63333,184.73208,328.59154,356.83866,690.48602,-0.049539242,0.095928069,-0.032771629,0.205745819,1432.7096,1829.2097,1905.1561,2813.242,342.26047,351.80717,356.5484,369.90868,11.5374812,26.64002602,43.00287714,23.64072
2053,10930.62667,39495.57333,48311.26667,79843.68333,182.44907,327.21881,357.72734,697.32203,-0.054971707,0.096919702,-0.033251485,0.213061061,1423.6218,1826.7763,1910.0946,2848.8704,342.42102,352.39606,357.53947,371.25575,11.14796171,26.26755693,42.39039451,23.11998
2054,10434.74667,38874.22,49039.46667,81059.73333,180.16606,325.84608,358.61602,704.15804,-0.060324041,0.097951126,-0.03364313,0.220356043,1414.7425,1823.9312,1914.7978,2883.5673,342.56863,352.97782,358.53915,372.60399,10.75844222,25.89508785,41.77791189,22.59924
2055,9938.866667,38252.86667,49767.66667,82275.78333,177.88305,324.47335,359.5047,710.99405,-0.065620097,0.099021251,-0.033954384,0.227629554,1406.0124,1820.661,1919.2299,2917.3139,342.7035,353.55252,359.54737,373.95334,10.36892273,25.52261876,41.16542926,22.0785
2056,9442.986667,37631.51333,50495.86667,83491.83333,175.60004,323.10062,360.39338,717.83006,-0.07085959,0.100151969,-0.03417002,0.234907466,1397.4536,1817.0522,1923.4614,2950.2507,342.8258,354.12023,360.56406,375.30378,9.979403246,25.15014967,40.55294663,21.55776
2057,8947.106667,37010.16,51224.06667,84707.88333,173.31703,321.72789,361.28206,724.66607,-0.076044574,0.101360244,-0.034279296,0.242210568,1389.0775,1813.1751,1927.5478,2982.4981,342.93565,354.681,361.58913,376.65529,9.589883758,24.77768059,39.94046401,21.03702
2058,8451.226667,36388.80667,51952.26667,85923.93333,171.03402,320.35516,362.17074,731.50208,-0.081177584,0.102659913,-0.03427416,0.24955616,1380.8916,1809.0911,1931.5374,3014.164,343.03318,355.23491,362.62251,378.00786,9.200364271,24.4052115,39.32798138,20.51628
2059,7955.346667,35767.45333,52680.46667,87139.98333,168.75101,318.98243,363.05942,738.33809,-0.086259498,0.104064472,-0.034146497,0.256961411,1372.9066,1804.8626,1935.4819,3045.3612,343.1185,355.78201,363.66412,379.36147,8.810844783,24.03274242,38.71549876,19.99554
2060,7459.466667,35146.1,53408.66667,88356.03333,166.468,317.6097,363.9481,745.1741,-0.090541446,0.105327983,-0.030647,0.264162705,1365.1056,1800.5112,1939.3909,3076.1345,343.19171,356.32237,364.71388,380.71612,8.421325296,23.66027333,38.10301613,19.4748
2061,6953.283333,34279.55667,54109.25667,89190.97,165.95204,315.92522,363.5485,748.66794,-0.093259963,0.106196149,-0.020514483,0.270885392,1357.4515,1796.029,1943.2357,3106.4763,343.25294,356.85605,365.77172,382.07179,8.186137672,23.4468268,37.42500427,19.02297
2062,6447.1,33413.01333,54809.84667,90025.90667,165.43608,314.24074,363.1489,752.16178,-0.095440046,0.106920644,-0.007574645,0.277447001,1350.226,1791.3398,1946.8312,3135.8246,343.30802,357.38243,366.83596,383.42735,7.950950047,23.23338028,36.7469924,18.57114
2063,5940.916667,32546.47,55510.43667,90860.84333,164.92012,312.55626,362.7493,755.65562,-0.097750102,0.107750911,0.004897592,0.28406004,1343.686,1786.3824,1950.0245,3163.6749,343.36278,357.90088,367.90494,384.78169,7.715762423,23.01993375,36.06898054,18.11931
2064,5434.733333,31679.92667,56211.02667,91695.78,164.40416,310.87178,362.3497,759.14946,-0.099829678,0.108680805,0.017467441,0.290619539,1337.7504,1781.1776,1952.8408,3190.1288,343.41733,358.41148,368.97857,386.13478,7.480574798,22.80648723,35.39096867,17.66748
2065,4928.55,30813.38333,56911.61667,92530.71667,163.8882,309.1873,361.9501,762.6433,-0.101712062,0.109692149,0.030118598,0.297113108,1332.2959,1775.6742,1955.2248,3215.1494,343.47178,358.91428,370.0568,387.48663,7.245387174,22.5930407,34.71295681,17.21565
2066,4422.366667,29946.84,57612.20667,93365.65333,163.37224,307.50282,361.5505,766.13714,-0.103421474,0.110773998,0.042841861,0.303535627,1327.2328,1769.8516,1957.1532,3238.7451,343.52618,359.40934,371.13954,388.83723,7.01019955,22.37959417,34.03494494,16.76382
2067,3916.183333,29080.29667,58312.79667,94200.59,162.85628,305.81834,361.1509,769.63098,-0.104959353,0.111938592,0.05565115,0.309909816,1322.552,1763.7874,1958.7112,3261.1038,343.58058,359.89673,372.22675,390.18657,6.775011925,22.16614765,33.35693308,16.31199
2068,3410,28213.75333,59013.38667,95035.52667,162.34032,304.13386,360.7513,773.12482,-0.106329054,0.113195069,0.068557338,0.316254855,1318.2378,1757.5445,1959.9683,3282.3905,343.63498,360.37652,373.3184,391.53468,6.539824301,21.95270112,32.67892121,15.86016
2069,2903.816667,27347.21,59713.97667,95870.46333,161.82436,302.44938,360.3517,776.61866,-0.107534284,0.114550839,0.081569875,0.322587274,1314.2739,1751.1765,1960.9853,3302.7529,343.68937,360.84878,374.41443,392.88155,6.304636676,21.7392546,32.00090935,15.40833
2070,2397.633333,26480.66667,60414.56667,96705.4,161.3084,300.7649,359.9521,780.1125,-0.10809381,0.115759837,0.093193131,0.32874775,1310.6506,1744.7388,1961.8258,3322.3407,343.74376,361.31358,375.5148,394.2272,6.069449052,21.52580807,31.32289748,14.9565
2071,2200.77,25368.89667,60798.83333,97197.06333,160.68516,298.76876,357.94994,784.24064,-0.107538062,0.116566271,0.101902721,0.334564768,1307.3332,1738.2476,1962.513,3341.2273,343.79815,361.77097,376.61948,395.57163,5.88516957,21.20471076,30.42804884,14.5646
2072,2003.906667,24257.12667,61183.1,97688.72667,160.06192,296.77262,355.94778,788.36878,-0.106378618,0.117219443,0.109257662,0.340299834,1304.2787,1731.6149,1962.7267,3359.5415,343.85097,362.22036,377.7249,396.9159,5.700890088,20.88361345,29.53320019,14.1727
2073,1807.043333,23145.35667,61567.36667,98180.39,159.43868,294.77648,353.94562,792.49692,-0.10513687,0.117967536,0.116692509,0.346137009,1301.4547,1724.7672,1962.1778,3377.4134,343.90066,362.66114,378.82751,398.26104,5.516610606,20.56251614,28.63835155,13.7808
2074,1610.18,22033.58667,61951.63333,98672.05333,158.81544,292.78034,351.94346,796.62506,-0.103837085,0.118804142,0.124063459,0.351996794,1298.8309,1717.7215,1960.9213,3394.863,343.94721,363.09336,379.92726,399.60708,5.332331124,20.24141883,27.7435029,13.3889
2075,1413.316667,20921.81667,62335.9,99163.71667,158.1922,290.7842,349.9413,800.7532,-0.102484484,0.119727632,0.131376495,0.357879239,1296.3806,1710.4939,1959.009,3411.9104,343.99063,363.5171,381.02411,400.954,5.148051642,19.92032153,26.84865426,12.997
2076,1216.453333,19810.04667,62720.16667,99655.38,157.56896,288.78806,347.93914,804.88134,-0.101098522,0.120720657,0.138621258,0.363764084,1294.0307,1703.0317,1956.4107,3428.4336,344.03093,363.93242,382.11805,402.30182,4.96377216,19.59922422,25.95380562,12.6051
2077,1019.59,18698.27667,63104.43333,100147.0433,156.94572,286.79192,345.93698,809.00948,-0.099691133,0.121772863,0.145793764,0.36963886,1291.7352,1695.3121,1953.1269,3444.364,344.06813,364.3394,383.20909,403.65053,4.779492678,19.27812691,25.05895697,12.2132
2078,822.7266667,17586.50667,63488.7,100638.7067,156.32248,284.79578,343.93482,813.13762,-0.098252931,0.1228997,0.152911934,0.375519735,1289.5217,1687.4256,1949.2658,3459.8338,344.10225,364.73811,384.29725,405.00013,4.595213196,18.9570296,24.16410833,11.8213
2079,625.8633333,16474.73667,63872.96667,101130.37,155.69924,282.79964,341.93266,817.26576,-0.09677763,0.124134275,0.159990599,0.38142049,1287.4071,1679.5515,1944.9187,3474.9586,344.13333,365.12863,385.38255,406.3506,4.410933714,18.63593229,23.26925968,11.4294
2080,429,15362.96667,64257.23333,101622.0333,155.076,280.8035,339.9305,821.3939,-0.095547262,0.124511926,0.165386798,0.388257691,1285.4046,1671.8286,1940.1657,3489.8387,344.16138,365.51103,386.46501,407.70193,4.226654232,18.31483498,22.37441104,11.0375
2081,287.8333333,15373.85667,63168.56333,101921.0867,154.41227,280.06659,332.93877,826.32941,-0.094848259,0.123026966,0.167455538,0.396952413,1283.5306,1664.2839,1935.0913,3504.576,344.18644,365.88539,387.54467,409.05411,4.122341087,17.86343582,21.68181277,10.74883
2082,146.6666667,15384.74667,62079.89333,102220.14,153.74854,279.32968,325.94704,831.26492,-0.094091172,0.121436544,0.168153186,0.406488051,1281.7574,1657.1219,1928.8518,3519.3467,344.20828,366.2538,388.61807,410.40833,4.018027941,17.41203666,20.98921449,10.46016
2083,5.5,15395.63667,60991.22333,102519.1933,153.08481,278.59277,318.95531,836.20043,-0.093024247,0.120751376,0.168999975,0.415965918,1280.0405,1650.4938,1920.6397,3534.256,344.22666,366.61836,389.68177,411.7658,3.913714796,16.9606375,20.29661622,10.17149
2084,-135.6666667,15406.52667,59902.55333,102818.2467,152.42108,277.85586,311.96358,841.13594,-0.091988138,0.120199989,0.169572451,0.425511181,1278.3635,1644.3245,1910.607,3549.2595,344.24161,366.97916,390.73579,413.12648,3.809401651,16.50923834,19.60401794,9.88282
2085,-276.8333333,15417.41667,58813.88333,103117.3,151.75735,277.11895,304.97185,846.07145,-0.090982169,0.119769923,0.169889339,0.435121058,1276.7183,1638.5564,1898.9044,3564.3348,344.25316,367.33624,391.78016,414.49039,3.705088506,16.05783918,18.91141967,9.59415
2086,-418,15428.30667,57725.21333,103416.3533,151.09362,276.38204,297.98012,851.00696,-0.090005724,0.11945002,0.169967655,0.444793004,1275.0979,1633.1396,1885.672,3579.4623,344.26133,367.68968,392.81493,415.85749,3.60077536,15.60644002,18.21882139,9.30548
2087,-559.1666667,15439.19667,56636.54333,103715.4067,150.42989,275.64513,290.98839,855.94247,-0.089072654,0.119215045,0.169807496,0.454504452,1273.4472,1627.9657,1870.9642,3594.4751,344.26616,368.03952,393.84015,417.22777,3.496462215,15.15504086,17.52622312,9.01681
2088,-700.3333333,15450.08667,55547.87333,104014.46,149.76616,274.90822,283.99666,860.87798,-0.088189938,0.119047689,0.169414046,0.464240523,1271.7361,1622.9629,1854.8591,3609.2644,344.26767,368.38579,394.85592,418.60119,3.39214907,14.7036417,16.83362484,8.72814
2089,-841.5,15460.97667,54459.20333,104313.5133,149.10243,274.17131,277.00493,865.81349,-0.087344272,0.118952772,0.168812746,0.474015595,1270.0047,1618.1547,1837.5335,3623.9383,344.26589,368.72852,395.86233,419.97772,3.287835924,14.25224254,16.14102657,8.43947
2090,-982.6666667,15471.86667,53370.53333,104612.5667,148.4387,273.4344,270.0132,870.749,-0.08650323,0.11892815,0.168145907,0.482980518,1268.2816,1613.5543,1819.1421,3638.5919,344.26085,369.06775,396.85944,421.35734,3.183522779,13.80084338,15.44842829,8.1508
2091,-1038.216667,15482.75667,53142.87,104717.5433,147.8001,272.69682,267.60942,872.43319,-0.08562982,0.118970751,0.167554387,0.490280393,1266.59,1609.1698,1799.8223,3653.3103,344.25259,369.4035,397.84736,422.74001,3.105019588,13.57264237,14.98834345,7.83175
2092,-1093.766667,15493.64667,52915.20667,104822.52,147.1615,271.95924,265.20564,874.11738,-0.084838019,0.119086015,0.167068347,0.496939757,1264.9737,1605.0136,1780.4823,3667.6148,344.24087,369.73581,398.82526,424.12308,3.026516398,13.34444137,14.52825861,7.5127
2093,-1149.316667,15504.53667,52687.54333,104927.4967,146.5229,271.22166,262.80186,875.80157,-0.08415394,0.11927217,0.166688828,0.503771538,1263.4475,1601.0651,1761.9161,3680.9857,344.22544,370.0647,399.79231,425.50393,2.948013207,13.11624036,14.06817377,7.19365
2094,-1204.866667,15515.42667,52459.88,105032.4733,145.8843,270.48408,260.39808,877.48576,-0.083479578,0.119519308,0.166393797,0.510565988,1261.9864,1597.2813,1744.0436,3693.4499,344.20634,370.39021,400.7486,426.88253,2.869510016,12.88803936,13.60808893,6.8746
2095,-1260.416667,15526.31667,52232.21667,105137.45,145.2457,269.7465,257.9943,879.16995,-0.08281652,0.119819922,0.166175402,0.517322935,1260.5735,1593.6308,1726.7981,3705.0444,344.1836,370.71236,401.69422,428.25884,2.791006826,12.65983835,13.14800409,6.55555
2096,-1315.966667,15537.20667,52004.55333,105242.4267,144.6071,269.00892,255.59052,880.85414,-0.08216441,0.120168904,0.166028016,0.524044828,1259.1995,1590.0932,1710.1269,3715.8238,344.15724,371.03119,402.62925,429.63285,2.712503635,12.43163734,12.68791925,6.2365
2097,-1371.516667,15548.09667,51776.89,105347.4033,143.9685,268.27134,253.18674,882.53833,-0.081522894,0.120561769,0.165946359,0.53073436,1257.8565,1586.6513,1693.9822,3725.8411,344.1273,371.34672,403.55377,431.00457,2.634000444,12.20343634,12.22783441,5.91745
2098,-1427.066667,15558.98667,51549.22667,105452.38,143.3299,267.53376,250.78296,884.22252,-0.080905698,0.120979677,0.165939809,0.537373707,1256.489,1583.2279,1678.4056,3734.9887,344.09381,371.65898,404.46789,432.37401,2.555497253,11.97523533,11.76774957,5.5984
2099,-1482.616667,15569.87667,51321.56333,105557.3567,142.6913,266.79618,248.37918,885.90671,-0.080319685,0.1214111,0.16603537,0.543952275,1255.0667,1579.7777,1663.5277,3743.2127,344.0568,371.96801,405.3717,433.7412,2.476994063,11.74703433,11.30766473,5.27935
2100,-1538.166667,15580.76667,51093.9,105662.3333,142.0527,266.0586,245.9754,887.5909,-0.080750373,0.121626745,0.165614735,0.549803101,1253.6284,1576.3458,1649.3962,3750.6846,344.0163,372.27383,406.26529,435.10615,2.398490872,11.51883332,10.84757989,4.9603
2101,-1613.157333,15162.80333,50315.39333,105651.04,142.0527,266.0588,245.99464,887.5909,-0.08318716,0.121395213,0.164040025,0.554252419,1252.2028,1572.9651,1635.9676,3757.5653,343.97235,372.57648,407.14875,436.46888,2.398490872,11.51883332,10.84757989,4.9603
2102,-1688.148,14744.84,49536.88667,105639.7467,142.0527,266.059,246.01389,887.5909,-0.085950419,0.121163348,0.16251922,0.558205612,1250.8862,1569.8136,1623.6001,3763.718,343.92683,372.87385,408.01621,437.8244,2.398490872,11.51883332,10.84757989,4.9603
2103,-1763.138667,14326.87667,48758.38,105628.4533,142.0527,266.0592,246.03313,887.5909,-0.087987093,0.121168456,0.161731552,0.562299978,1249.7665,1567.0533,1612.6146,3769.0269,343.88163,373.16386,408.8618,439.16769,2.398490872,11.51883332,10.84757989,4.9603
2104,-1838.129333,13908.91333,47979.87333,105617.16,142.0527,266.0594,246.05238,887.5909,-0.089927136,0.121197565,0.161128182,0.566268849,1248.825,1564.6447,1602.8609,3773.5841,343.83677,373.44653,409.68561,440.49879,2.398490872,11.51883332,10.84757989,4.9603
2105,-1913.12,13490.95,47201.36667,105605.8667,142.0527,266.0596,246.07162,887.5909,-0.091781126,0.121240245,0.160681023,0.570113011,1248.0275,1562.5289,1594.1808,3777.4049,343.79229,373.72189,410.48773,441.81772,2.398490872,11.51883332,10.84757989,4.9603
2106,-1988.110667,13072.98667,46422.86,105594.5733,142.0527,266.0598,246.09086,887.5909,-0.093556943,0.121289,0.160366455,0.573834817,1247.3487,1560.6601,1586.4401,3780.5142,343.7482,373.98999,411.26828,443.12452,2.398490872,11.51883332,10.84757989,4.9603
2107,-2063.101333,12655.02333,45644.35333,105583.28,142.0527,266.06,246.11011,887.5909,-0.095259946,0.121339128,0.160165192,0.577439334,1246.7719,1559.0055,1579.5283,3782.9561,343.70451,374.25087,412.02744,444.41927,2.398490872,11.51883332,10.84757989,4.9603
2108,-2138.092,12237.06,44865.84667,105571.9867,142.0527,266.0602,246.12935,887.5909,-0.096894919,0.121386817,0.160060296,0.580931951,1246.2824,1557.5365,1573.3479,3784.775,343.66122,374.50461,412.76539,445.70209,2.398490872,11.51883332,10.84757989,4.9603
2109,-2213.082667,11819.09667,44087.34,105560.6933,142.0527,266.0604,246.1486,887.5909,-0.098479879,0.121414346,0.160022788,0.584297281,1245.8193,1556.1674,1567.7503,3785.8519,343.61832,374.75127,413.48233,446.97308,2.398490872,11.51883332,10.84757989,4.9603
2110,-2288.073333,11401.13333,43308.83333,105549.4,142.0527,266.0606,246.16784,887.5909,-0.100025642,0.121411428,0.160031692,0.587526915,1245.3472,1554.8445,1562.6256,3786.1221,343.57581,374.9909,414.17845,448.23234,2.398490872,11.51883332,10.84757989,4.9603
2111,-2363.064,11102.04333,42530.32667,105538.1067,142.0527,266.06075,246.18708,887.5909,-0.101523251,0.121388726,0.160087423,0.590641912,1244.8996,1553.6041,1557.9631,3785.7534,343.53369,375.22359,414.85394,449.47999,2.398490872,11.51883332,10.84757989,4.9603
2112,-2438.054667,10802.95333,41751.82,105526.8133,142.0527,266.0609,246.20633,887.5909,-0.102966603,0.121354179,0.160189136,0.593662268,1244.4992,1552.4713,1553.7475,3784.9031,343.49195,375.44938,415.50899,450.71613,2.398490872,11.51883332,10.84757989,4.9603
2113,-2513.045333,10503.86333,40973.31333,105515.52,142.0527,266.06105,246.22557,887.5909,-0.104350792,0.12131418,0.160335372,0.596605207,1244.1645,1551.4648,1549.9613,3783.7055,343.45059,375.66834,416.14379,451.94086,2.398490872,11.51883332,10.84757989,4.9603
2114,-2588.036,10204.77333,40194.80667,105504.2267,142.0527,266.0612,246.24482,887.5909,-0.105670149,0.121275865,0.160525982,0.599488428,1243.916,1550.6065,1546.5942,3782.297,343.40961,375.88053,416.75851,453.15429,2.398490872,11.51883332,10.84757989,4.9603
2115,-2663.026667,9905.683333,39416.3,105492.9333,142.0527,266.06135,246.26406,887.5909,-0.106926297,0.121238478,0.160754157,0.602318184,1243.7483,1549.8852,1543.6061,3780.7222,343.369,376.08601,417.35336,454.35652,2.398490872,11.51883332,10.84757989,4.9603
2116,-2738.017333,9606.593333,38637.79333,105481.64,142.0527,266.0615,246.2833,887.5909,-0.108126034,0.121195804,0.161008195,0.605090986,1243.638,1549.2673,1540.9361,3778.9487,343.32877,376.28485,417.9285,455.54765,2.398490872,11.51883332,10.84757989,4.9603
2117,-2813.008,9307.503333,37859.28667,105470.3467,142.0527,266.06165,246.30255,887.5909,-0.109273877,0.121143781,0.161279034,0.607804993,1243.5696,1548.7291,1538.5363,3776.957,343.28889,376.4771,418.48413,456.72778,2.398490872,11.51883332,10.84757989,4.9603
2118,-2887.998667,9008.413333,37080.78,105459.0533,142.0527,266.0618,246.32179,887.5909,-0.110372365,0.12108067,0.161560389,0.610461272,1243.5349,1548.2571,1536.372,3774.7511,343.24938,376.66283,419.02041,457.89702,2.398490872,11.51883332,10.84757989,4.9603
2119,-2962.989333,8709.323333,36302.27333,105447.76,142.0527,266.06195,246.34104,887.5909,-0.111423657,0.121005034,0.161846889,0.613061398,1243.5271,1547.84,1534.4132,3772.3388,343.21024,376.84209,419.53753,459.05546,2.398490872,11.51883332,10.84757989,4.9603
2120,-3037.98,8410.233333,35523.76667,105436.4667,142.0527,266.0621,246.36028,887.5909,-0.112443309,0.120901184,0.162120257,0.615586568,1243.492,1547.4073,1532.5724,3769.5675,343.17144,377.01495,420.03565,460.20319,2.398490872,11.51883332,10.84757989,4.9603
2121,-3112.970667,8289.343333,34745.26,105425.1733,142.0527,266.06224,246.37952,887.5909,-0.113440003,0.12075995,0.162368883,0.618024769,1243.4003,1546.9191,1530.7932,3766.3392,343.133,377.18145,420.51497,461.34033,2.398490872,11.51883332,10.84757989,4.9603
2122,-3187.961333,8168.453333,33966.75333,105413.88,142.0527,266.06238,246.39877,887.5909,-0.114403263,0.120593042,0.162601269,0.620393906,1243.2907,1546.423,1529.1105,3762.7938,343.09491,377.34167,420.97564,462.46696,2.398490872,11.51883332,10.84757989,4.9603
2123,-3262.952,8047.563333,33188.24667,105402.5867,142.0527,266.06252,246.41801,887.5909,-0.115325647,0.120409435,0.162823825,0.622711386,1243.1908,1545.9542,1527.5501,3759.0657,343.05717,377.49566,421.41784,463.58317,2.398490872,11.51883332,10.84757989,4.9603
2124,-3337.942667,7926.673333,32409.74,105391.2933,142.0527,266.06266,246.43726,887.5909,-0.116201026,0.120216451,0.163041467,0.624991973,1243.123,1545.5401,1526.1311,3755.2678,343.01977,377.64347,421.84175,464.68908,2.398490872,11.51883332,10.84757989,4.9603
2125,-3412.933333,7805.783333,31631.23333,105380,142.0527,266.0628,246.4565,887.5909,-0.117029441,0.120024638,0.163256809,0.627250088,1243.1116,1545.2106,1524.8756,3751.5152,342.98271,377.78516,422.24751,465.78476,2.398490872,11.51883332,10.84757989,4.9603
2126,-3412.933333,7684.893333,30879.3276,105380,142.0527,266.06294,246.47573,887.5909,-0.11782503,0.119833307,0.163462247,0.629488028,1243.1545,1544.9617,1523.7724,3747.8324,342.94599,377.92079,422.63532,466.87031,2.398490872,11.51883332,10.84757989,4.9603
2127,-3412.933333,7564.003333,30127.42187,105380,142.0527,266.06308,246.49496,887.5909,-0.118600274,0.119633358,0.163647839,0.631699218,1243.2313,1544.7657,1522.7867,3744.1677,342.9096,378.05041,423.00532,467.94583,2.398490872,11.51883332,10.84757989,4.9603
2128,-3412.933333,7443.113333,29375.51577,105380,142.0527,266.06322,246.51419,887.5909,-0.119358848,0.11942127,0.163808663,0.63387945,1243.3293,1544.6047,1521.8936,3740.4818,342.87355,378.17408,423.35768,469.0114,2.398490872,11.51883332,10.84757989,4.9603
2129,-3412.933333,7322.223333,28623.61003,105380,142.0527,266.06336,246.53342,887.5909,-0.120102564,0.119195671,0.163942145,0.63602764,1243.4426,1544.4702,1521.0786,3736.761,342.83782,378.29185,423.69257,470.06712,2.398490872,11.51883332,10.84757989,4.9603
2130,-3412.933333,7201.333333,27871.7043,105380,142.0527,266.0635,246.55265,887.5909,-0.120832944,0.118955474,0.16404613,0.638143486,1243.5661,1544.3551,1520.3297,3732.9982,342.80242,378.40378,424.01013,471.11307,2.398490872,11.51883332,10.84757989,4.9603
2131,-3412.933333,7107.943333,27119.79857,105380,142.0527,266.06362,246.57188,887.5909,-0.121564762,0.118685643,0.164105482,0.640206486,1243.6476,1544.1928,1519.5757,3729.0271,342.76734,378.50991,424.31055,472.14935,2.398490872,11.51883332,10.84757989,4.9603
2132,-3412.933333,7014.553333,26367.89283,105380,142.0527,266.06374,246.59111,887.5909,-0.122306128,0.118378051,0.164111328,0.642202838,1243.6595,1543.947,1518.7746,3724.7357,342.73258,378.61031,424.59396,473.17605,2.398490872,11.51883332,10.84757989,4.9603
2133,-3412.933333,6921.163333,25615.9871,105380,142.0527,266.06386,246.61034,887.5909,-0.123046194,0.118044688,0.164074273,0.644148829,1243.6418,1543.6681,1517.9732,3720.2514,342.69813,378.70503,424.86053,474.19324,2.398490872,11.51883332,10.84757989,4.9603
2134,-3412.933333,6827.773333,24864.081,105380,142.0527,266.06398,246.62957,887.5909,-0.123777285,0.117694597,0.164002643,0.646060648,1243.6232,1543.3938,1517.2085,3715.7001,342.664,378.79411,425.11041,475.20102,2.398490872,11.51883332,10.84757989,4.9603
2135,-3412.933333,6734.383333,24112.17527,105380,142.0527,266.0641,246.6488,887.5909,-0.124493015,0.117335058,0.163903062,0.647951994,1243.6271,1543.1543,1516.509,3711.1863,342.63018,378.87762,425.34375,476.19948,2.398490872,11.51883332,10.84757989,4.9603
2136,-3412.933333,6640.993333,23360.26953,105380,142.0527,266.06422,246.66803,887.5909,-0.125186445,0.116973838,0.163782541,0.649837023,1243.6789,1542.9814,1515.9053,3706.8175,342.59667,378.95559,425.56071,477.1887,2.398490872,11.51883332,10.84757989,4.9603
2137,-3412.933333,6547.603333,22608.3638,105380,142.0527,266.06434,246.68727,887.5909,-0.125857957,0.116610937,0.163640734,0.651718597,1243.7773,1542.8731,1515.394,3702.6108,342.56346,379.02809,425.76144,478.16876,2.398490872,11.51883332,10.84757989,4.9603
2138,-3412.933333,6454.213333,21856.45807,105380,142.0527,266.06446,246.7065,887.5909,-0.126512971,0.116240768,0.163471964,0.653589804,1243.9027,1542.8037,1514.9471,3698.5055,342.53056,379.09516,425.94609,479.13975,2.398490872,11.51883332,10.84757989,4.9603
2139,-3412.933333,6360.823333,21104.55233,105380,142.0527,266.06458,246.72573,887.5909,-0.127154922,0.115859861,0.163272385,0.655445181,1244.043,1542.7566,1514.5455,3694.454,342.49795,379.15685,426.1148,480.10175,2.398490872,11.51883332,10.84757989,4.9603
2140,-3412.933333,6267.433333,20352.64623,105380,142.0527,266.0647,246.74496,887.5909,-0.127785321,0.115466907,0.163040448,0.657282643,1244.1931,1542.7249,1514.1802,3690.4353,342.46564,379.21322,426.26773,481.05484,2.398490872,11.51883332,10.84757989,4.9603
2141,-3412.933333,6171.504167,19600.7405,105380,142.0527,266.06481,246.76419,887.5909,-0.128405479,0.115060808,0.162774884,0.659100924,1244.3485,1542.7027,1513.844,3686.4355,342.43363,379.2643,426.40501,481.9991,2.398490872,11.51883332,10.84757989,4.9603
2142,-3412.933333,6075.575,18848.83477,105380,142.0527,266.06493,246.78342,887.5909,-0.129029794,0.114626747,0.162461473,0.660878748,1244.4576,1542.6246,1513.4702,3682.2832,342.4019,379.31015,426.52679,482.93463,2.398490872,11.51883332,10.84757989,4.9603
2143,-3412.933333,5979.645833,18096.92903,105380,142.0527,266.06504,246.80265,887.5909,-0.12966607,0.11415667,0.162092169,0.662601366,1244.4933,1542.4553,1513.0204,3677.8602,342.37047,379.35082,426.63322,483.86148,2.398490872,11.51883332,10.84757989,4.9603
2144,-3412.933333,5883.716667,17345.0233,105380,142.0527,266.06515,246.82188,887.5909,-0.13030346,0.113662429,0.161678041,0.664284151,1244.4961,1542.2462,1512.545,3673.2877,342.33932,379.38635,426.72443,484.77975,2.398490872,11.51883332,10.84757989,4.9603
2145,-3412.933333,5787.7875,16593.11757,105380,142.0527,266.06526,246.84111,887.5909,-0.13093421,0.113152993,0.161227877,0.665942913,1244.4949,1542.0358,1512.0835,3668.6894,342.30846,379.4168,426.80057,485.68952,2.398490872,11.51883332,10.84757989,4.9603
2146,-3412.933333,5691.858333,15841.21147,105380,142.0527,266.06538,246.86034,887.5909,-0.131551886,0.112635532,0.160748656,0.667590983,1244.5137,1541.8547,1511.6673,3664.168,342.27787,379.4422,426.86177,486.59085,2.398490872,11.51883332,10.84757989,4.9603
2147,-3412.933333,5595.929167,15089.30573,105380,142.0527,266.06549,246.87957,887.5909,-0.132149558,0.112117725,0.160247676,0.66924206,1244.5779,1541.7355,1511.3289,3659.8281,342.24757,379.4626,426.90817,487.48384,2.398490872,11.51883332,10.84757989,4.9603
2148,-3412.933333,5500,14337.4,105380,142.0527,266.0656,246.8988,887.5909,-0.132727448,0.11159948,0.159724943,0.670898568,1244.6866,1541.6766,1511.0669,3655.6842,342.21754,379.47806,426.93991,488.36855,2.398490872,11.51883332,10.84757989,4.9603
2149,-3412.933333,5629.8,13081.93333,105380,142.0527,266.0834,247.6444,887.5909,-0.133290866,0.111075247,0.159175092,0.672553031,1244.8204,1541.6527,1510.8551,3651.6726,342.18778,379.48861,426.95712,489.24506,2.398490872,11.51883332,10.84757989,4.9603
2150,-3412.933333,5671.6,12856.06667,105380,142.0527,266.0918,247.7303,887.5909,-0.133843072,0.110811083,0.158892819,0.674199348,1244.9675,1541.6471,1510.7589,3647.7413,342.1583,379.49266,426.96211,490.11345,2.398490872,11.51883332,10.84757989,4.9603
2151,-3412.933333,5694.7,12604.16667,104390.7517,142.0527,266.101,247.7774,887.7612,-0.134385507,0.110811083,0.158892819,0.675834776,1245.123,1541.6471,1510.7589,3643.8653,342.12908,379.49266,426.96211,490.97378,2.398490872,11.51883332,10.84757989,4.9603
2152,-3412.933333,5700.566667,12362.9,103401.5033,142.0527,266.1095,247.8331,887.93151,-0.134919388,0.110811083,0.158892819,0.677452796,1245.2826,1541.6471,1510.7589,3640.057,342.10013,379.49266,426.96211,491.82356,2.398490872,11.51883332,10.84757989,4.9603
2153,-3412.933333,5693.233333,12141.8,102412.255,142.0527,266.12,247.8896,888.10181,-0.135458929,0.110811083,0.158892819,0.679026951,1245.3949,1541.6471,1510.7589,3636.1713,342.07144,379.49266,426.96211,492.66027,2.398490872,11.51883332,10.84757989,4.9603
2154,-3412.933333,5676.733333,11933.16667,101423.0067,142.0527,266.1327,247.9452,888.27211,-0.136011736,0.110811083,0.158892819,0.68054167,1245.4328,1541.6471,1510.7589,3632.0838,342.04301,379.49266,426.96211,493.48397,2.398490872,11.51883332,10.84757989,4.9603
2155,-3412.933333,5653.633333,11735.16667,100433.762,142.0527,266.1469,247.9997,888.44242,-0.136567004,0.110811083,0.158892819,0.682011624,1245.4369,1541.6471,1510.7589,3627.9101,342.01485,379.49266,426.96211,494.29476,2.398490872,11.51883332,10.84757989,4.9603
2156,-3412.933333,5618.8,11559.68,99444.51367,142.0527,266.16414,248.05092,888.61272,-0.137116994,0.110811083,0.158892819,0.68345237,1245.4364,1541.6471,1510.7589,3623.7717,341.98693,379.49266,426.96211,495.09271,2.398490872,11.51883332,10.84757989,4.9603
2157,-3412.933333,5583.966667,11384.19333,98455.26533,142.0527,266.18138,248.10214,888.78302,-0.137655332,0.110811083,0.158892819,0.684877028,1245.4552,1541.6471,1510.7589,3619.7692,341.95928,379.49266,426.96211,495.87793,2.398490872,11.51883332,10.84757989,4.9603
2158,-3412.933333,5549.133333,11208.70667,97466.017,142.0527,266.19862,248.15336,888.95332,-0.138175046,0.110811083,0.158892819,0.6862991,1245.5189,1541.6471,1510.7589,3616.0047,341.93187,379.49266,426.96211,496.65053,2.398490872,11.51883332,10.84757989,4.9603
2159,-3412.933333,5514.3,11033.22,96476.76867,142.0527,266.21586,248.20458,889.12363,-0.138676397,0.110811083,0.158892819,0.687720848,1245.6266,1541.6471,1510.7589,3612.4911,341.90472,379.49266,426.96211,497.41063,2.398490872,11.51883332,10.84757989,4.9603
2160,-3412.933333,5479.466667,10857.73333,95487.52033,142.0527,266.2331,248.2558,889.29393,-0.139164567,0.110811083,0.158892819,0.689134502,1245.7589,1541.6471,1510.7589,3609.1618,341.87781,379.49266,426.96211,498.15835,2.398490872,11.51883332,10.84757989,4.9603
2161,-3412.933333,5438.07,10710.48,94498.272,142.0527,266.25295,248.30274,889.46423,-0.13964275,0.110811083,0.158892819,0.690533535,1245.9042,1541.6471,1510.7589,3605.9611,341.85114,379.49266,426.96211,498.89379,2.398490872,11.51883332,10.84757989,4.9603
2162,-3412.933333,5396.673333,10563.22667,93509.02367,142.0527,266.2728,248.34968,889.63454,-0.140112334,0.110811083,0.158892819,0.691914851,1246.0576,1541.6471,1510.7589,3602.8606,341.82472,379.49266,426.96211,499.61708,2.398490872,11.51883332,10.84757989,4.9603
2163,-3412.933333,5355.276667,10415.97333,92519.77533,142.0527,266.29265,248.39662,889.80484,-0.140574527,0.110811083,0.158892819,0.693276372,1246.2148,1541.6471,1510.7589,3599.8406,341.79854,379.49266,426.96211,500.32833,2.398490872,11.51883332,10.84757989,4.9603
2164,-3412.933333,5313.88,10268.72,91530.527,142.0527,266.3125,248.44356,889.97514,-0.141043333,0.110811083,0.158892819,0.69459636,1246.3245,1541.6471,1510.7589,3596.7269,341.7726,379.49266,426.96211,501.02764,2.398490872,11.51883332,10.84757989,4.9603
2165,-3412.933333,5272.483333,10121.46667,90541.28233,142.0527,266.33235,248.4905,890.14545,-0.1415263,0.110811083,0.158892819,0.69585927,1246.3596,1541.6471,1510.7589,3593.3957,341.74689,379.49266,426.96211,501.71513,2.398490872,11.51883332,10.84757989,4.9603
2166,-3412.933333,5231.086667,9994.6,89552.034,142.0527,266.3522,248.53416,890.31575,-0.14201263,0.110811083,0.158892819,0.697079721,1246.3609,1541.6471,1510.7589,3589.9621,341.72142,379.49266,426.96211,502.3909,2.398490872,11.51883332,10.84757989,4.9603
2167,-3412.933333,5189.69,9867.733333,88562.78567,142.0527,266.37205,248.57782,890.48605,-0.142494674,0.110811083,0.158892819,0.698273471,1246.3575,1541.6471,1510.7589,3586.5497,341.69618,379.49266,426.96211,503.05507,2.398490872,11.51883332,10.84757989,4.9603
2168,-3412.933333,5148.293333,9740.866667,87573.53733,142.0527,266.3919,248.62148,890.65636,-0.142966082,0.110811083,0.158892819,0.699453857,1246.3732,1541.6471,1510.7589,3583.2613,341.67117,379.49266,426.96211,503.70774,2.398490872,11.51883332,10.84757989,4.9603
2169,-3412.933333,5106.896667,9614,86584.289,142.0527,266.41175,248.66514,890.82666,-0.143419934,0.110811083,0.158892819,0.700634405,1246.4337,1541.6471,1510.7589,3580.2003,341.64638,379.49266,426.96211,504.34901,2.398490872,11.51883332,10.84757989,4.9603
2170,-3412.933333,5065.5,9487.133333,85595.04067,142.0527,266.4316,248.7088,890.99696,-0.143856449,0.110811083,0.158892819,0.70181739,1246.5381,1541.6471,1510.7589,3577.3804,341.62183,379.49266,426.96211,504.979,2.398490872,11.51883332,10.84757989,4.9603
2171,-3412.933333,5027.733333,9375.813333,84605.79233,142.0527,266.45171,248.74978,891.16726,-0.144280736,0.110811083,0.158892819,0.702994932,1246.6671,1541.6471,1510.7589,3574.7354,341.59749,379.49266,426.96211,505.59781,2.398490872,11.51883332,10.84757989,4.9603
2172,-3412.933333,4989.966667,9264.493333,83616.544,142.0527,266.47182,248.79076,891.33757,-0.14469599,0.110811083,0.158892819,0.70416034,1246.8091,1541.6471,1510.7589,3572.209,341.57338,379.49266,426.96211,506.20554,2.398490872,11.51883332,10.84757989,4.9603
2173,-3412.933333,4952.2,9153.173333,82627.29567,142.0527,266.49193,248.83174,891.50787,-0.145103534,0.110811083,0.158892819,0.70531029,1246.9591,1541.6471,1510.7589,3569.7719,341.54949,379.49266,426.96211,506.80229,2.398490872,11.51883332,10.84757989,4.9603
2174,-3412.933333,4914.433333,9041.853333,81638.04733,142.0527,266.51204,248.87272,891.67817,-0.145504554,0.110811083,0.158892819,0.706442517,1247.1129,1541.6471,1510.7589,3567.404,341.52581,379.49266,426.96211,507.38816,2.398490872,11.51883332,10.84757989,4.9603
2175,-3412.933333,4876.666667,8930.533333,80648.80267,142.0527,266.53215,248.9137,891.84848,-0.145912955,0.110811083,0.158892819,0.707535352,1247.2192,1541.6471,1510.7589,3564.9323,341.50235,379.49266,426.96211,507.96326,2.398490872,11.51883332,10.84757989,4.9603
2176,-3412.933333,4838.9,8832.413333,79659.55433,142.0527,266.55226,248.95232,892.01878,-0.146336159,0.110811083,0.158892819,0.708573164,1247.251,1541.6471,1510.7589,3562.2328,341.4791,379.49266,426.96211,508.52769,2.398490872,11.51883332,10.84757989,4.9603
2177,-3412.933333,4801.133333,8734.293333,78670.306,142.0527,266.57237,248.99094,892.18908,-0.146763446,0.110811083,0.158892819,0.709570415,1247.249,1541.6471,1510.7589,3559.4204,341.45607,379.49266,426.96211,509.08154,2.398490872,11.51883332,10.84757989,4.9603
2178,-3412.933333,4763.366667,8636.173333,77681.05767,142.0527,266.59248,249.02956,892.35939,-0.147187213,0.110811083,0.158892819,0.71054297,1247.2422,1541.6471,1510.7589,3556.6198,341.43324,379.49266,426.96211,509.62491,2.398490872,11.51883332,10.84757989,4.9603
2179,-3412.933333,4725.6,8538.053333,76691.80933,142.0527,266.61259,249.06818,892.52969,-0.147601138,0.110811083,0.158892819,0.711504207,1247.2547,1541.6471,1510.7589,3553.935,341.41063,379.49266,426.96211,510.1579,2.398490872,11.51883332,10.84757989,4.9603
2180,-3412.933333,4687.833333,8439.933333,75702.561,142.0527,266.6327,249.1068,892.69999,-0.14799833,0.110811083,0.158892819,0.712467765,1247.3119,1541.6471,1510.7589,3551.4703,341.38821,379.49266,426.96211,510.6806,2.398490872,11.51883332,10.84757989,4.9603
2181,-3412.933333,4655.42,8352.74,74713.31267,142.0527,266.65213,249.14344,892.87029,-0.148379017,0.110811083,0.158892819,0.713435783,1247.4131,1541.6471,1510.7589,3549.2396,341.36601,379.49266,426.96211,511.19312,2.398490872,11.51883332,10.84757989,4.9603
2182,-3412.933333,4623.006667,8265.546667,73724.06433,142.0527,266.67156,249.18008,893.0406,-0.148748291,0.110811083,0.158892819,0.714400293,1247.5389,1541.6471,1510.7589,3547.1764,341.344,379.49266,426.96211,511.69554,2.398490872,11.51883332,10.84757989,4.9603
2183,-3412.933333,4590.593333,8178.353333,72734.816,142.0527,266.69099,249.21672,893.2109,-0.149109279,0.110811083,0.158892819,0.715354425,1247.6777,1541.6471,1510.7589,3545.2234,341.3222,379.49266,426.96211,512.18796,2.398490872,11.51883332,10.84757989,4.9603
2184,-3412.933333,4558.18,8091.16,71745.56767,142.0527,266.71042,249.25336,893.3812,-0.14946327,0.110811083,0.158892819,0.716294717,1247.8245,1541.6471,1510.7589,3543.3509,341.30059,379.49266,426.96211,512.67047,2.398490872,11.51883332,10.84757989,4.9603
2185,-3412.933333,4525.766667,8003.966667,70756.323,142.0527,266.72985,249.29,893.55151,-0.149811469,0.110811083,0.158892819,0.717218825,1247.9753,1541.6471,1510.7589,3541.5386,341.27918,379.49266,426.96211,513.14316,2.398490872,11.51883332,10.84757989,4.9603
2186,-3412.933333,4493.353333,7926.233333,69767.07467,142.0527,266.74928,249.32488,893.72181,-0.150167633,0.110811083,0.158892819,0.718105132,1248.0785,1541.6471,1510.7589,3539.6146,341.25796,379.49266,426.96211,513.60612,2.398490872,11.51883332,10.84757989,4.9603
2187,-3412.933333,4460.94,7848.5,68777.82633,142.0527,266.76871,249.35976,893.89211,-0.150539145,0.110811083,0.158892819,0.718938023,1248.1073,1541.6471,1510.7589,3537.4557,341.23694,379.49266,426.96211,514.05945,2.398490872,11.51883332,10.84757989,4.9603
2188,-3412.933333,4428.526667,7770.766667,67788.578,142.0527,266.78814,249.39464,894.06242,-0.150915334,0.110811083,0.158892819,0.719731897,1248.1024,1541.6471,1510.7589,3535.1761,341.21611,379.49266,426.96211,514.50323,2.398490872,11.51883332,10.84757989,4.9603
2189,-3412.933333,4396.113333,7693.033333,66799.32967,142.0527,266.80757,249.42952,894.23272,-0.151288619,0.110811083,0.158892819,0.720502638,1248.0928,1541.6471,1510.7589,3532.9015,341.19547,379.49266,426.96211,514.93756,2.398490872,11.51883332,10.84757989,4.9603
2190,-3412.933333,4363.7,7615.3,65810.08133,142.0527,266.827,249.4644,894.40302,-0.151652732,0.110811083,0.158892819,0.721263735,1248.1024,1541.6471,1510.7589,3530.7365,341.17501,379.49266,426.96211,515.36251,2.398490872,11.51883332,10.84757989,4.9603
2191,-3412.933333,4336.09,7545.706667,64820.833,142.0527,266.84554,249.49772,894.57333,-0.152000817,0.110811083,0.158892819,0.722028712,1248.1569,1541.6471,1510.7589,3528.7856,341.15475,379.49266,426.96211,515.77818,2.398490872,11.51883332,10.84757989,4.9603
2192,-3412.933333,4308.48,7476.113333,63831.58467,142.0527,266.86408,249.53104,894.74363,-0.152333099,0.110811083,0.158892819,0.722799667,1248.2552,1541.6471,1510.7589,3527.0624,341.13466,379.49266,426.96211,516.18465,2.398490872,11.51883332,10.84757989,4.9603
2193,-3412.933333,4280.87,7406.52,62842.33633,142.0527,266.88262,249.56436,894.91393,-0.152654603,0.110811083,0.158892819,0.723568562,1248.3783,1541.6471,1510.7589,3525.5001,341.11476,379.49266,426.96211,516.58201,2.398490872,11.51883332,10.84757989,4.9603
2194,-3412.933333,4253.26,7336.926667,61853.088,142.0527,266.90116,249.59768,895.08423,-0.152968443,0.110811083,0.158892819,0.724328396,1248.5144,1541.6471,1510.7589,3524.0409,341.09504,379.49266,426.96211,516.97035,2.398490872,11.51883332,10.84757989,4.9603
2195,-3412.933333,4225.65,7267.333333,60863.84333,142.0527,266.9197,249.631,895.25454,-0.15327594,0.110811083,0.158892819,0.725075607,1248.6586,1541.6471,1510.7589,3522.655,341.0755,379.49266,426.96211,517.34973,2.398490872,11.51883332,10.84757989,4.9603
2196,-3412.933333,4198.04,7204.926667,59874.595,142.0527,266.93824,249.66292,895.42484,-0.15357821,0.110811083,0.158892819,0.725807864,1248.8068,1541.6471,1510.7589,3521.3221,341.05614,379.49266,426.96211,517.72026,2.398490872,11.51883332,10.84757989,4.9603
2197,-3412.933333,4170.43,7142.52,58885.34667,142.0527,266.95678,249.69484,895.59514,-0.15388897,0.110811083,0.158892819,0.726503571,1248.9075,1541.6471,1510.7589,3519.8709,341.03696,379.49266,426.96211,518.08201,2.398490872,11.51883332,10.84757989,4.9603
2198,-3412.933333,4142.82,7080.113333,57896.09833,142.0527,266.97532,249.72676,895.76545,-0.154215521,0.110811083,0.158892819,0.727147164,1248.9338,1541.6471,1510.7589,3518.1791,341.01794,379.49266,426.96211,518.43506,2.398490872,11.51883332,10.84757989,4.9603
2199,-3412.933333,4115.21,7017.706667,56906.85,142.0527,266.99386,249.75868,895.93575,-0.154547258,0.110811083,0.158892819,0.72775306,1248.9265,1541.6471,1510.7589,3516.3611,340.99911,379.49266,426.96211,518.77949,2.398490872,11.51883332,10.84757989,4.9603
2200,-3412.933333,4087.6,6955.3,55917.60167,142.0527,267.0124,249.7906,896.10605,-0.154876627,0.110811083,0.158892819,0.728337097,1248.9145,1541.6471,1510.7589,3514.5423,340.98044,379.49266,426.96211,519.11539,2.398490872,11.51883332,10.84757989,4.9603