,1,2,3,4,5,6,7,8,9,10,11,12,13,14,15,16,17
,RF_AISM_VUB_BM08_R2.dat,RF_BISI_LBL1KM_1KM_BM08_R2.dat,RF_BISI_LBL1KM_BM08_R2.dat,RF_CISM_NCA_BM08_R2.dat,RF_FETI_VUB_BM08_R2.dat,RF_GRIS_LSC_BM08_R2.dat,RF_IMAU_VUB_BM08_R2.dat,RF_ISSM_JPL_BM08_R2.dat,RF_ISSM_UCI_BM08_R2.dat,RF_MALI_LAN_BM08_R2.dat,RF_PISM_AWI_BM08_R2.dat,RF_PISM_DMI_BM08_R2.dat,RF_PISM_PIK_BM08_R2.dat,RF_PISM_VUW_BM08_R2.dat,RF_PS3D_PSU_BM08_R2.dat,RF_SICO_UHO_BM08_R2.dat,RF_UA_UNN_BM08_R2.dat
2010,5E-05,0.000136234,0.000123827,6.2611E-05,5.625E-05,0.000157548,0.00011625,8.12947E-05,0.000130679,9.31428E-05,0.000142101,0.000211914,0.000315691,0.00011525,8.75E-05,0.000375748,0.000126315
2011,6.25E-05,0.00012916,0.000119027,6.18477E-05,0.00026,-0.000157548,0.000144375,7.90153E-05,0.000117003,9.38686E-05,0.000136581,-0.000326813,0.000241593,0.000112535,8.75E-05,0.000381947,0.000126035
2012,6.25E-05,0.000152285,0.000160959,6.33746E-05,0.00041,9.45291E-05,0.000129125,3.57088E-05,0.000141316,9.35581E-05,0.000109917,0.000501997,0.000177256,0.000112535,8.75E-05,0.000369549,0.000125753
2013,7.5E-05,0.000189625,0.000141833,5.95571E-05,0.00029375,0.000157548,0.000127625,6.68592E-05,0.000137517,9.26116E-05,0.000110739,-0.000474741,0.000146904,0.000112535,8.75E-05,0.000378609,0.000125467
2014,7.5E-05,0.000122179,0.0001696,6.03204E-05,0.0001625,0.000252078,9.5E-05,9.11714E-05,7.06576E-05,9.34028E-05,0.000121215,0.000871492,0.000171921,0.000112535,7.5E-05,0.00039196,0.000125179
2015,7.5E-05,0.000107455,0.000139574,6.10836E-05,0.00019625,3.15097E-05,0.000109375,8.81325E-05,0.000132198,9.43746E-05,0.000125292,0.001051459,0.000177763,0.000112535,8.75E-05,0.000391006,0.000124888
2016,8.75E-05,0.000137806,0.000133168,5.72661E-05,0.0004775,0.000157548,0.00011175,4.55859E-05,0.000131439,9.65319E-05,0.000118681,0.000313077,0.000129927,0.000168745,7.5E-05,0.000399113,0.000124595
2017,8.75E-05,0.000145936,0.000108252,6.10841E-05,-0.0001375,9.45291E-05,0.000110875,8.7373E-05,0.000135997,9.78233E-05,9.71516E-05,-0.000345835,0.000107531,0.000168745,7.5E-05,0.000384331,0.0001243
2018,7.5E-05,0.000177087,0.000161204,5.95567E-05,8.75E-06,0.000157548,0.000105625,8.88919E-05,0.000125361,9.98463E-05,0.000125267,0.000365151,9.57699E-05,0.000168745,8.75E-05,0.000370502,0.000124003
2019,5E-05,5.77203E-05,0.000158556,5.95571E-05,-4.25E-05,0.000157548,0.000106375,7.21775E-05,0.000103328,0.000100843,0.000119291,4.25896E-05,0.000205693,0.000168745,7.5E-05,0.000384808,0.000123705
2020,7.5E-05,0.000173469,0.000135467,5.80298E-05,0.00031625,0.000189058,0.000110875,3.87477E-05,0.00012916,0.000102305,9.44147E-05,0.00039874,0.00021534,0.000168745,7.5E-05,0.000385761,0.000123405
2021,7.5E-05,0.000165946,0.00019588,6.10841E-05,0.0005475,3.15097E-05,0.00011325,8.20546E-05,0.000134477,0.000102525,9.40254E-05,5.47309E-06,0.000213871,0.000128378,5E-05,0.00039196,0.000123105
2022,6.25E-05,0.000108897,0.000110858,6.03204E-05,0.0002125,0.000126039,0.00011475,7.59764E-05,0.000136757,0.00010274,0.000112721,0.000156017,0.000163418,0.000128378,7.5E-05,0.00039959,0.000122803
2023,6.25E-05,0.000179574,0.000157284,5.8793E-05,0.0002025,-6.30194E-05,0.00011625,9.34508E-05,0.000132958,0.0001041,0.00012857,0.000266847,0.000166086,0.000128378,7.5E-05,0.000410557,0.000122501
2024,7.5E-05,8.49047E-05,0.000175735,6.03208E-05,0.00022,0.000126039,0.000111625,6.98981E-05,0.000126881,0.000102775,0.000113561,0.000467345,0.000219148,0.000128378,0.0000625,0.000428677,0.000122199
2025,5E-05,0.000170087,9.15436E-05,5.72666E-05,0.00026875,6.30194E-05,0.00011025,8.58535E-05,0.000135237,0.000104436,0.000109232,-0.000234623,0.000238824,0.000128378,0.0000625,0.000421047,0.000121897
2026,7.5E-05,0.000184906,0.000181084,5.8793E-05,0.00020375,3.15097E-05,0.000110125,8.66121E-05,0.00012916,0.000107273,0.000121041,0.000510421,0.000256275,0.000127389,7.5E-05,0.000419617,0.000121595
2027,6.25E-05,0.000122053,0.000148745,5.72661E-05,0.000175,0.000283587,0.000110875,8.5094E-05,0.000124601,0.000104685,0.000115028,0.000353335,0.000250992,0.000127389,7.5E-05,0.000413418,0.000121293
2028,6.25E-05,0.000113652,0.000166066,5.80298E-05,0.00029875,0.000315097,9.875E-05,8.05343E-05,0.000137517,0.000104959,0.000126239,-2.59655E-05,0.00030199,0.000127389,7.5E-05,0.00041008,0.000120993
2029,6.25E-05,0.00015777,0.000169319,5.80298E-05,0.0002875,0.000126039,8.975E-05,8.05352E-05,0.000116243,0.00010594,0.000118653,-0.00037739,0.000286473,0.000127389,8.75E-05,0.0004282,0.000120693
2030,7.5E-05,0.000141424,0.000128326,5.95571E-05,-7.5E-06,0.000157548,8.9625E-05,7.82553E-05,0.000126881,0.000108004,0.000134749,0.000194903,0.000300629,0.000127389,8.75E-05,0.000420094,0.000120394
2031,7.5E-05,0.000171593,0.00018557,6.03208E-05,0.00017125,0.000283587,8.8125E-05,8.6613E-05,0.000123842,0.000108198,8.95897E-05,2.43963E-05,0.000247419,0.00011682,1E-04,0.000425816,0.000120097
2032,8.75E-05,0.000137878,0.000205686,5.80288E-05,0.0002925,6.30194E-05,9.1125E-05,7.82553E-05,0.000132958,0.000109133,0.000104539,0.000575172,0.000253431,0.00011682,1E-04,0.000432491,0.000119801
2033,1E-04,0.000157547,0.000104833,6.10845E-05,0.00021375,0.000220568,9.125E-05,9.34508E-05,0.000133718,0.00010985,9.78253E-05,3.38716E-05,0.000265787,0.00011682,1E-04,0.000415802,0.000119507
2034,7.5E-05,0.000136625,0.000183111,6.18473E-05,0.000155,3.15097E-05,9.1125E-05,8.43341E-05,0.000123841,0.000110548,9.59227E-05,-0.000507793,0.00021231,0.00011682,1E-04,0.00042963,0.000119216
2035,5E-05,0.000147493,0.000166477,6.33746E-05,0.00028,0.000252078,9.275E-05,7.14175E-05,0.000101808,0.00011237,0.000101534,0.0008569,0.00017722,0.00011682,0.000125,0.000450134,0.000118927
2036,7.5E-05,0.000179471,0.000170429,6.10836E-05,0.0001175,6.30194E-05,9.4125E-05,8.43341E-05,0.000132198,0.000112343,0.000132923,0.000196521,0.000187018,9.327E-05,0.000125,0.000435829,0.00011864
2037,5E-05,0.000188585,0.000196513,6.03208E-05,0.00019,0.000157548,9.5E-05,9.49698E-05,0.000132958,0.00011349,0.000116726,0.000227292,0.000192269,9.327E-05,0.0001125,0.000427723,0.000118357
2038,7.5E-05,0.000116199,0.000147518,6.18482E-05,0.00021125,0.000189058,9.725E-05,8.43341E-05,9.57306E-05,0.00011494,0.000100946,-0.000379757,0.000224404,9.327E-05,0.000125,0.00041151,0.000118077
2039,8.75E-05,0.000188737,0.000171562,6.49011E-05,0.000245,9.45291E-05,9.875E-05,7.52164E-05,0.00012764,0.000111598,0.000101861,0.001255505,0.000131918,9.327E-05,0.000125,0.000409126,0.0001178
2040,6.25E-05,0.000125434,0.000169481,6.49011E-05,5.25E-05,9.45291E-05,0.00010025,9.04119E-05,0.000134478,0.000113548,6.39399E-05,-0.000289865,0.000209306,9.327E-05,0.000125,0.000420094,0.000117527
2041,8.75E-05,0.000139049,0.000184077,6.18482E-05,0.000305,0.000189058,0.000102625,7.59764E-05,9.11709E-05,0.000115022,0.000122405,0.000321232,0.000279933,0.0001362,0.000125,0.000432014,0.000117257
2042,6.25E-05,0.00016965,0.000146287,6.2611E-05,0.00018125,-3.15097E-05,0.000104875,7.97752E-05,-0.000101808,0.000115051,0.00011369,-0.000545546,0.00036377,0.0001362,0.000125,0.00043726,0.000116992
2043,5E-05,0.000154874,0.000215135,6.64284E-05,0.00016,3.15097E-05,0.000107875,8.88919E-05,0.000117763,0.000115769,0.000105267,-1.89151E-05,0.000223412,0.0001362,0.0001375,0.000425816,0.000116731
2044,6.25E-05,0.00014872,0.000165746,6.64294E-05,6.25E-06,0.000126039,0.000110875,9.19309E-05,0.000131438,0.000117171,7.98524E-05,0.000572194,0.000163623,0.0001362,0.000125,0.000417709,0.000116475
2045,6.25E-05,0.000113544,0.000152863,6.49011E-05,0.0001775,-6.30194E-05,0.000114,4.63454E-05,0.000115484,0.000116504,7.57508E-05,-0.00024166,0.000223733,0.0001362,0.0001125,0.000406265,0.000116224
2046,8.75E-05,0.000191231,0.000152997,6.41383E-05,0.00037875,6.30194E-05,0.00012,7.44574E-05,0.000126121,0.000115991,0.000133151,0.000521602,0.000237739,0.000120888,0.000125,0.0004282,0.000115978
2047,6.25E-05,0.00015164,0.000195763,6.26119E-05,0.0002525,0.000157548,0.000101125,8.20542E-05,0.000127641,0.000118126,8.83962E-05,-0.001115608,0.000261959,0.000120888,8.75E-05,0.000430107,0.000115737
2048,6.25E-05,0.000129724,0.000174772,6.18473E-05,6.75E-05,3.15097E-05,0.00010325,7.67363E-05,0.000124601,0.000118869,0.000100706,0.001023717,0.000247374,0.000120888,0.0001125,0.000427246,0.000115502
2049,5E-05,0.000187306,0.000189779,6.41374E-05,0.0001725,6.30194E-05,0.000105625,8.5853E-05,0.000132198,0.000121857,0.000103977,0.000375693,0.000255807,0.000120888,1E-04,0.000431538,0.000115273
2050,6.25E-05,0.000129243,0.000200742,6.18482E-05,0.00019625,6.30194E-05,0.000110125,8.28141E-05,0.000117764,0.000121444,7.90283E-05,0.000838441,0.000183326,0.000120888,0.0001125,0.000425816,0.000115049
2051,7.5E-05,0.000144316,0.000177563,6.4902E-05,0.00014875,-3.15097E-05,0.0001155,8.12942E-05,0.000108645,0.00011996,0.000115251,0.000698371,0.000234821,0.000126009,0.0001375,0.000415802,0.000114833
2052,6.25E-05,0.000168218,0.000188399,6.71921E-05,0.00016125,0.000126039,0.00011925,7.44564E-05,-7.59959E-07,0.000118859,0.000115623,0.000294579,0.000230822,0.000126009,0.000125,0.000419617,0.000114622
2053,7.5E-05,0.000173584,0.000194166,6.79558E-05,0.00026375,3.15097E-05,0.000123875,8.28141E-05,0.000127641,0.000118328,0.000108772,-0.000382992,0.000260441,0.000126009,0.0001375,0.00041008,0.000114419
2054,7.5E-05,0.000217646,0.000150112,6.56657E-05,0.0001575,0.000157548,0.000126875,3.72287E-05,7.29356E-05,0.000119296,7.98861E-05,9.43536E-05,0.000288501,0.000126009,0.0001375,0.00040102,0.000114223
2055,6.25E-05,0.000147897,0.000200001,6.71921E-05,0.00013,3.15097E-05,0.000127625,9.49707E-05,5.5464E-05,0.000122661,8.47737E-05,-0.00034339,0.000273737,0.000126009,0.000125,0.000417709,0.000114034
2056,5E-05,0.00016504,0.000215063,6.4902E-05,0.0001525,3.15097E-05,0.00011175,6.38198E-05,0.00012688,0.000125906,7.72581E-05,0.000848028,0.000216831,6.75365E-05,0.0001375,0.000406742,0.000113852
2057,6.25E-05,0.000139859,0.000194061,6.49011E-05,0.00036375,-3.15097E-05,8.9625E-05,8.96519E-05,0.000107126,0.0001298,0.000104838,0.000151537,0.000206654,6.75365E-05,0.000125,0.000405788,0.000113679
2058,5E-05,0.00017883,0.000187633,6.71921E-05,0.000275,0.000126039,8.275E-05,9.04119E-05,0.000132199,0.000131549,0.000122146,-0.000343478,0.000201862,6.75365E-05,0.000125,0.000413895,0.000113514
2059,7.5E-05,0.000169841,0.000223049,6.64294E-05,0.0002625,6.30194E-05,0.0001095,8.50931E-05,0.000115484,0.000137382,9.42263E-05,0.000990034,0.000226362,6.75365E-05,1E-04,0.000406742,0.000113357
2060,6.25E-05,0.000175144,0.000215013,6.49011E-05,0.000235,0.000126039,0.00010325,9.04119E-05,0.000104086,0.000138148,0.000134027,-0.000264474,0.00012368,6.75365E-05,0.0001125,0.000403404,0.000113208
2061,7.5E-05,0.000222818,0.000150698,6.26119E-05,0.00016375,3.15097E-05,0.000107875,8.50931E-05,7.06576E-05,0.000140832,0.000100681,-0.000185153,0.000143474,7.62352E-05,0.0001125,0.000403881,0.000113068
2062,7.5E-05,0.000164359,0.000216411,6.18482E-05,0.00015875,-6.30194E-05,0.000111,8.05352E-05,0.000113206,0.000138992,8.6129E-05,0.000109385,0.000178085,7.62352E-05,1E-04,0.000411034,0.000112938
2063,8.75E-05,0.000194228,0.000213761,6.18463E-05,0.00013875,9.45291E-05,0.000114625,8.35741E-05,0.000112444,0.000141603,8.61615E-05,0.000407518,0.000148061,7.62352E-05,0.0001,0.000398636,0.000112816
2064,5E-05,0.000215112,0.00018528,5.95571E-05,0.0001275,0.000189058,0.000117875,7.52164E-05,-2.20332E-05,0.000142555,8.19313E-05,6.234E-05,0.000195395,7.62352E-05,0.0001125,0.000404835,0.000112705
2065,6.25E-05,0.000169342,0.000205294,6.33746E-05,0.0003175,-6.30194E-05,0.00012,9.34508E-05,0.0001284,0.000147765,0.000129839,0.000360064,0.000195363,7.62352E-05,8.75E-05,0.000393391,0.000112603
2066,8.75E-05,0.000209631,0.000194359,6.41383E-05,0.00016375,-6.30194E-05,0.00012225,8.12942E-05,0.000124602,0.000157101,0.000101284,-0.000632844,0.000108024,0.000104561,1E-04,0.000391006,0.000112511
2067,7.5E-05,0.000202511,0.000197177,6.41383E-05,0.00033625,6.30194E-05,0.000125375,8.43341E-05,0.000113964,0.000157114,0.000152983,0.000443491,0.000115857,0.000104561,1E-04,0.000397682,0.000112429
2068,5E-05,0.000166456,0.000214741,6.41383E-05,0.00020625,3.15097E-05,0.0001285,6.00209E-05,0.000110926,0.00015983,0.000136901,0.000896775,0.000208515,0.000104561,1E-04,0.000409603,0.000112358
2069,6.25E-05,0.000257559,0.000139611,6.18473E-05,9.875E-05,6.30194E-05,0.000132125,8.6613E-05,9.34508E-05,0.000160601,0.00014382,0.000287316,0.000161726,0.000104561,8.75E-05,0.000405788,0.000112298
2070,7.5E-05,0.000168762,0.00025437,6.10845E-05,0.0001525,-6.30194E-05,0.000136,7.82553E-05,0.0001284,0.000157592,7.93542E-05,0.000208438,0.000138392,0.000104561,0.0001125,0.000397205,0.000112249
2071,6.25E-05,0.000222966,0.000181479,6.41383E-05,0.00016,-3.15097E-05,0.0001405,6.00219E-05,0.0001284,0.000159984,0.000136078,-0.000730598,0.000111673,0.000129335,0.0001125,0.000401497,0.000112211
2072,6.25E-05,0.0001491,0.000184507,6.41374E-05,0.0002275,-0.000157548,0.000145125,8.5853E-05,0.000120042,0.000158438,0.000135486,0.000333529,0.000151951,0.000129335,1E-04,0.000403404,0.000112184
2073,6.25E-05,0.000233649,0.00019097,6.2611E-05,4.5E-05,-0.000157548,0.0001345,9.26908E-05,0.000104848,0.000159378,0.000135261,8.15382E-05,0.000150002,0.000129335,0.0001125,0.000401497,0.000112169
2074,6.25E-05,0.000153816,0.000204419,6.33746E-05,0.00033125,-0.000157548,0.00013,8.12942E-05,0.000129919,0.000158361,0.000136276,0.001504023,0.000155391,0.000129335,1E-04,0.000414371,0.000112167
2075,5E-05,0.000212557,0.000225727,6.18482E-05,2.75E-05,-0.000220568,0.0001375,5.31878E-06,0.000131439,0.000159649,0.000152328,-0.000850156,0.000129378,0.000129335,1E-04,0.000414371,0.000112176
2076,7.5E-05,0.000220798,0.00020062,6.10836E-05,0.00017125,3.15097E-05,0.000117,8.43341E-05,0.000131438,0.000159897,0.000155963,-3.63241E-05,0.000133922,0.000117594,0.000125,0.000426292,0.000112198
2077,7.5E-05,0.000184531,0.000197858,6.56657E-05,0.0002025,0.000126039,0.000111625,8.12942E-05,0.000103328,0.000156609,0.000151231,0.000228896,0.000160474,0.000117594,0.0001125,0.000433922,0.000112233
2078,5E-05,0.000175839,0.000217629,6.71912E-05,0.0001425,-9.45291E-05,0.00011325,9.87696E-05,0.000132957,0.000156814,0.000145004,0.000710623,0.000169244,0.000117594,0.0001125,0.000412941,0.000112281
2079,6.25E-05,0.000210227,0.000189157,6.71931E-05,5.75E-05,-0.000220568,0.000117,7.97743E-05,0.000129919,0.00015733,0.000143237,-0.000718591,0.000232027,0.000117594,0.0001125,0.000431538,0.000112342
2080,1E-04,0.000180573,0.0002217,6.71921E-05,0.0003825,3.15097E-05,0.00012075,8.43341E-05,0.000135239,0.000155698,0.000152478,0.000504554,0.000267154,0.000117594,1E-04,0.000436306,0.000112417
2081,8.75E-05,0.000230174,0.000195746,6.33746E-05,0.00016375,0,0.000123875,9.19309E-05,0.000132198,0.00015767,0.000133025,-1.51641E-05,0.000175794,0.000160452,1E-04,0.000434875,0.000112505
2082,7.5E-05,0.000193551,0.000199364,6.71921E-05,0.00013375,0.000157548,0.0001215,8.20551E-05,0.000131439,0.000156137,0.000132239,0.0004179,0.000185329,0.000160452,0.0001125,0.000424385,0.000112607
2083,6.25E-05,0.000228522,0.000216614,6.87204E-05,0.00013625,0,0.000123875,9.42098E-05,0.00012536,0.000159453,0.000138803,5.52426E-05,0.000238638,0.000160452,8.75E-05,0.000436306,0.000112724
2084,8.75E-05,0.000140122,0.000214038,7.02459E-05,0.00026,3.15097E-05,0.000145125,7.67363E-05,3.03984E-06,0.000158492,0.00016297,-0.000652145,0.000199471,0.000160452,7.5E-05,0.000444412,0.000112855
2085,7.5E-05,0.000225868,0.000224445,7.02469E-05,0.0001575,-9.45291E-05,0.00011325,8.50931E-05,0.000117004,0.000160174,0.000137059,0.001301625,0.000193389,0.000160452,8.75E-05,0.000450134,0.000113001
2086,6.25E-05,0.000184734,0.000227482,7.10096E-05,0.0001175,0.000126039,0.000114625,9.19318E-05,0.000104846,0.000160776,0.000141894,0.000353042,0.000141401,0.000124833,0.0000625,0.000453949,0.000113161
2087,6.25E-05,0.000247957,0.000210261,7.17733E-05,0.00026625,-0.000126039,0.000125375,9.19309E-05,0.000131439,0.000161788,0.00014489,-0.000358962,0.000208598,0.000124833,7.5E-05,0.000435829,0.000113338
2088,7.5E-05,0.000170959,0.000235249,6.94841E-05,0.00019875,-3.15097E-05,0.000119375,5.54631E-05,0.000110166,0.000164361,0.000128726,0.000557526,0.000186146,0.000124833,7.5E-05,0.000425339,0.000113529
2089,8.75E-05,0.000212739,0.00019061,7.02459E-05,0.00015125,-3.15097E-05,0.00012225,0.000102567,0.00012764,0.000166547,0.000171936,-0.000806873,0.000154012,0.000124833,0.0000625,0.000434399,0.000113736
2090,6.25E-05,0.000204852,0.00021271,6.87195E-05,0.00028375,6.30194E-05,0.000129875,4.78653E-05,0.0001284,0.000175951,0.000151398,0.000683481,0.000210259,0.000124833,7.5E-05,0.000437737,0.000113959
2091,6.25E-05,0.00023579,0.000297455,6.94832E-05,0.0001625,-6.30194E-05,0.000114,4.17866E-05,0.000107126,0.000188126,0.000130233,-0.000212928,0.000116253,0.000127616,5E-05,0.000424862,0.000114198
2092,6.25E-05,0.000243143,0.000230786,6.94823E-05,0.00014375,9.45291E-05,9.1125E-05,7.97752E-05,0.000123842,0.000194578,0.000187901,-0.000587714,0.000145564,0.000127616,7.5E-05,0.000431538,0.000114454
2093,7.5E-05,0.00019418,0.000293166,6.79567E-05,9.25E-05,0,9.05E-05,8.88929E-05,9.42107E-05,0.000196725,0.00016468,0.000491934,0.000131816,0.000127616,7.5E-05,0.000413895,0.000114726
2094,7.5E-05,0.000235776,0.000270126,6.79558E-05,0.00012,3.15097E-05,9.725E-05,7.90153E-05,4.33065E-05,0.000191091,0.00016704,-0.000524842,0.000217476,0.000127616,7.5E-05,0.00041914,0.000115015
2095,8.75E-05,0.000238253,0.000245039,7.02469E-05,0.00014875,-3.15097E-05,0.000101,8.43331E-05,0.00012536,0.000187101,0.000145721,0.000709102,0.000187202,0.000127616,7.5E-05,0.000432014,0.000115322
2096,8.75E-05,0.000231719,0.000246143,7.02459E-05,7.125E-05,0.000252078,0.000101875,9.87668E-06,0.000135999,0.00018484,0.000193665,0.00032212,0.000212237,0.000107208,7.5E-05,0.000432968,0.000115646
2097,8.75E-05,0.000207336,0.000294302,6.94832E-05,0.00023625,-6.30194E-05,0.00010475,8.7373E-05,9.49688E-05,0.000185377,0.000160174,0.000213502,0.000154266,0.000107208,7.5E-05,0.000439167,0.000115987
2098,6.25E-05,0.000291389,0.000266916,7.17742E-05,0.00021375,-3.15097E-05,0.000106375,0.000110925,0.000120804,0.000184386,0.000172996,-5.25608E-05,0.000159915,0.000107208,1E-04,0.000432491,0.000116347
2099,8.75E-05,0.000253228,0.000285079,7.02459E-05,-2.125E-05,-6.30194E-05,0.000109375,8.28141E-05,0.000160309,0.000183849,0.000191008,4.7406E-06,0.000189947,0.000107208,7.5E-05,0.000429153,0.000116725
2100,7.84582E-05,0.000237962,0.000259358,7.06774E-05,0.000159824,1.82417E-05,0.000110068,7.99115E-05,0.000126387,0.000183873,0.000175957,0.00023186,0.000186507,9.34876E-05,8.7875E-05,0.000432943,0.000116886
2101,7.87724E-05,0.000245765,0.000270365,6.99532E-05,0.000169922,1.3903E-05,0.000110615,8.02402E-05,0.00012769,0.000184347,0.000176911,0.000142498,0.000183913,9.99012E-05,8.34133E-05,0.000435064,0.000116867
2102,7.90862E-05,0.000243028,0.000267911,6.96678E-05,0.000149859,4.03176E-05,0.000111163,8.0568E-05,0.000128992,0.000185254,0.000177864,0.00014251,0.000184819,0.000104233,8.2062E-05,0.000437187,0.000116631
2103,7.94001E-05,0.000245107,0.000270391,6.98639E-05,0.000156586,4.08497E-05,0.000111707,8.08961E-05,0.000130292,0.00018616,0.000178815,0.000142479,0.00018571,0.000106631,8.45957E-05,0.000439306,0.000116214
2104,7.97145E-05,0.000244985,0.000271062,6.90168E-05,0.000159974,4.95801E-05,0.000112253,8.12251E-05,0.000131597,0.000187066,0.00017977,0.000142534,0.000186612,9.40399E-05,8.63704E-05,0.000441427,0.000115581
2105,8.00292E-05,0.00024587,0.000272397,6.83893E-05,0.000170077,5.04029E-05,0.000112799,8.15543E-05,0.000132902,0.000187972,0.000180724,0.000142514,0.000187512,0.000100874,8.72393E-05,0.000443548,0.000114765
2106,8.03432E-05,0.000246293,0.000273487,6.75708E-05,0.000150016,5.33364E-05,0.000113346,8.18825E-05,0.000134203,0.000188878,0.000181676,0.000142471,0.000188412,0.000105307,8.60375E-05,0.000445669,0.000113734
2107,8.06574E-05,0.000246927,0.000274667,6.75225E-05,0.000156745,5.38248E-05,0.000113891,8.22113E-05,0.000135507,0.000189784,0.00018263,0.000142493,0.00018931,0.000107688,8.44015E-05,0.000447789,0.000112522
2108,8.09708E-05,0.000247464,0.000275814,6.62986E-05,0.000160128,5.48262E-05,0.000114438,8.25383E-05,0.000136803,0.00019069,0.00018358,0.000142493,0.000190205,9.50472E-05,8.66775E-05,0.00044991,0.000111094
2109,8.12852E-05,0.000248047,0.000276974,6.53556E-05,0.000170227,5.50612E-05,0.000114983,8.28672E-05,0.000138106,0.000191597,0.000184534,0.000142514,0.000191099,0.000101843,8.86308E-05,0.00045203,0.000109486
2110,8.15996E-05,0.000248609,0.000278129,6.41924E-05,0.000150167,5.54081E-05,0.000115527,8.31961E-05,0.000139411,0.000192502,0.000185488,0.000142518,0.000192,0.000106254,8.94319E-05,0.00045415,0.000107659
2111,8.19135E-05,0.000249179,0.000279286,6.38134E-05,0.000156895,5.55111E-05,0.000116077,8.35246E-05,0.000140714,0.000193409,0.000186441,0.000142514,0.000192908,0.00010862,8.82473E-05,0.000456273,0.000105652
2112,8.22277E-05,0.000249747,0.000280442,6.22521E-05,0.000160282,5.56329E-05,0.00011662,8.38527E-05,0.000142014,0.000194314,0.000187393,0.000142491,0.000193797,9.59739E-05,8.66096E-05,0.000458391,0.000103429
2113,8.2541E-05,0.000250317,0.000281598,6.09746E-05,0.000170376,5.56758E-05,0.000117169,8.41797E-05,0.000143313,0.000195221,0.000188345,0.000142516,0.000194701,0.000102768,8.88873E-05,0.000460515,0.000101024
2114,8.28558E-05,0.000250884,0.000282755,5.9476E-05,0.000150318,5.57191E-05,0.000117714,8.45094E-05,0.000144618,0.000196127,0.000189298,0.000142484,0.000195597,0.000107177,9.08386E-05,0.000462634,9.84023E-05
2115,8.31688E-05,0.000251449,0.000283908,5.87619E-05,0.00015704,5.57364E-05,0.000118261,8.48361E-05,0.000145916,0.000197033,0.00019025,0.000142485,0.000196495,0.000109545,9.16404E-05,0.000464755,9.55998E-05
2116,8.3483E-05,0.000252019,0.000285066,5.6865E-05,0.000160428,5.5752E-05,0.000118804,8.51647E-05,0.000147218,0.000197939,0.000191203,0.000142513,0.000197389,9.68988E-05,9.04515E-05,0.000466874,9.25803E-05
2117,8.37972E-05,0.000252589,0.000286224,5.52523E-05,0.000170528,5.57588E-05,0.000119351,8.5493E-05,0.000148519,0.000198845,0.000192155,0.000142531,0.000198292,0.000103696,8.88188E-05,0.000468996,8.93796E-05
2118,8.41119E-05,0.000253159,0.000287381,5.3419E-05,0.000150469,5.57644E-05,0.000119899,8.58226E-05,0.000149825,0.000199752,0.000193109,0.000142487,0.000199191,0.000108107,9.10926E-05,0.000471117,8.59642E-05
2119,8.44253E-05,0.000253722,0.000288533,5.23695E-05,0.000157194,5.57671E-05,0.000120445,8.61496E-05,0.000151123,0.000200658,0.000194062,0.000142499,0.00020009,0.000110472,9.3048E-05,0.000473238,8.23669E-05
2120,8.47398E-05,0.000254292,0.000289691,5.0138E-05,0.000160584,5.57691E-05,0.000120989,8.64785E-05,0.000152425,0.000201564,0.000195014,0.000142489,0.000200982,9.78204E-05,9.38461E-05,0.000475357,7.85538E-05
2121,8.50539E-05,0.00025486,0.000290847,4.81897E-05,0.000170683,5.57702E-05,0.000121535,8.68072E-05,0.00015373,0.00020247,0.000195968,0.000142485,0.000201885,0.000104621,9.26616E-05,0.000477479,7.45586E-05
2122,8.53678E-05,0.000255426,0.000292001,4.60214E-05,0.000150621,5.57709E-05,0.000122079,8.7135E-05,0.000155028,0.000203375,0.000196919,0.000142511,0.000202779,0.000109034,9.10234E-05,0.000479598,7.03486E-05
2123,8.56827E-05,0.000255998,0.000293161,4.46357E-05,0.00015735,5.57713E-05,0.000122626,8.74652E-05,0.000156339,0.000204281,0.000197876,0.000142495,0.000203688,0.000111397,9.33027E-05,0.000481721,6.59541E-05
2124,8.59971E-05,0.000256568,0.000294319,4.20691E-05,0.000160741,5.57716E-05,0.000123176,8.77935E-05,0.000157638,0.000205188,0.000198828,0.000142504,0.000204589,9.8752E-05,9.52562E-05,0.000483842,6.13441E-05
2125,8.63103E-05,0.000257135,0.000295473,3.9785E-05,0.000170833,5.57717E-05,0.000123724,8.81208E-05,0.000158939,0.000206095,0.000199781,0.000142513,0.000205494,0.000105558,9.6059E-05,0.000485965,5.65509E-05
2126,8.66245E-05,0.000257702,0.000296629,3.72807E-05,0.000150774,5.57718E-05,0.000124269,8.8449E-05,0.000160238,0.000207001,0.000200731,0.000142475,0.000206385,0.000109955,9.48703E-05,0.000488084,5.15417E-05
2127,8.69381E-05,0.000258268,0.000297783,3.55612E-05,0.000157503,5.57719E-05,0.000124814,8.87764E-05,0.000161538,0.000207907,0.000201684,0.000142485,0.000207279,0.000112325,9.32346E-05,0.000490204,4.63519E-05
2128,8.72527E-05,0.000258838,0.000298941,3.26585E-05,0.000160887,5.57719E-05,0.000125361,8.91062E-05,0.000162844,0.000208813,0.000202638,0.000142502,0.000208184,9.96748E-05,9.55108E-05,0.000492326,4.09456E-05
2129,8.75662E-05,0.000259408,0.000300097,3.00397E-05,0.000170986,5.5772E-05,0.000125908,8.94332E-05,0.000164146,0.000209719,0.000203592,0.00014252,0.000209083,0.000106486,9.74661E-05,0.000494447,3.53571E-05
2130,8.78812E-05,0.000259978,0.000301257,2.72004E-05,0.000150927,5.5772E-05,0.000126452,8.9763E-05,0.000165447,0.000210625,0.000204543,0.000142514,0.000209976,0.00011088,9.82643E-05,0.000496566,2.9552E-05
2131,8.81938E-05,0.00026054,0.000302408,2.51449E-05,0.000157647,5.5772E-05,0.000126992,9.00891E-05,0.000166743,0.00021153,0.000205494,0.000142534,0.000210857,0.000113241,9.70723E-05,0.000498683,2.35653E-05
2132,8.85095E-05,0.00026111,0.000303566,2.19078E-05,0.000161049,5.5772E-05,0.000127535,9.04196E-05,0.00016805,0.000212436,0.000206448,0.000142484,0.000211754,0.000100594,9.5438E-05,0.000500803,1.73644E-05
2133,8.8823E-05,0.000261679,0.000304722,1.89534E-05,0.000171139,5.5772E-05,0.000128079,9.07472E-05,0.000169347,0.000213341,0.000207398,0.000142537,0.00021265,0.000107407,9.77109E-05,0.000502922,1.09831E-05
2134,8.91359E-05,0.000262246,0.000305877,1.57788E-05,0.000151071,5.5772E-05,0.000128624,9.10742E-05,0.000170651,0.000214247,0.000208354,0.00014248,0.000213551,0.000111794,9.96657E-05,0.000505043,4.3834E-06
2135,8.94516E-05,0.000262819,0.000307037,1.33887E-05,0.000157809,5.5772E-05,0.000129171,9.14051E-05,0.000171959,0.000215153,0.000209308,0.000142486,0.000214453,0.00011416,0.000100467,0.000507164,-2.396E-06
2136,8.97659E-05,0.000263384,0.000308193,9.81636E-06,0.0001612,5.5772E-05,0.000129718,9.17333E-05,0.000173259,0.000216059,0.00021026,0.0001425,0.000215358,0.000101522,9.92813E-05,0.000509286,-9.39133E-06
2137,9.00783E-05,0.000263952,0.000309347,6.52719E-06,0.000171282,5.5772E-05,0.000130266,9.20598E-05,0.00017456,0.000216966,0.000211214,0.000142491,0.000216258,0.000108332,9.76466E-05,0.000511407,-1.65674E-05
2138,9.03932E-05,0.000264517,0.000310501,3.0178E-06,0.00015123,5.5772E-05,0.000130813,9.23889E-05,0.000175864,0.000217872,0.000212167,0.000142511,0.000217158,0.000112726,9.99223E-05,0.000513528,-2.39595E-05
2139,9.07069E-05,0.000265088,0.000311659,2.91999E-07,0.000157953,5.5772E-05,0.000131358,9.27168E-05,0.000177162,0.000218778,0.000213118,0.000142518,0.000218052,0.000115089,0.000101875,0.000515648,-3.15331E-05
2140,9.1022E-05,0.000265657,0.000312816,-3.61541E-06,0.000161352,5.5772E-05,0.000131903,9.30458E-05,0.000178465,0.000219684,0.000214071,0.000142475,0.00021895,0.000102447,0.000102676,0.000517769,-3.9323E-05
2141,9.13356E-05,0.000266226,0.000313974,-7.24102E-06,0.000171446,5.5772E-05,0.000132444,9.3374E-05,0.000179764,0.000220589,0.000215021,0.000142485,0.000219833,0.000109253,0.000101484,0.000519886,-4.72961E-05
2142,9.16491E-05,0.000266791,0.000315127,-1.10865E-05,0.000151377,5.5772E-05,0.000132988,9.37013E-05,0.000181062,0.000221495,0.000215973,0.00014249,0.000220728,0.000113638,9.98493E-05,0.000522006,-5.54851E-05
2143,9.19642E-05,0.000267362,0.000316284,-1.41477E-05,0.000158112,5.5772E-05,0.000133536,9.40319E-05,0.000182377,0.000222401,0.000216932,0.000142482,0.000221638,0.000116009,0.000102127,0.000524128,-6.38598E-05
2144,9.22773E-05,0.000267927,0.000317439,-1.83911E-05,0.000161493,5.5772E-05,0.000134082,9.43588E-05,0.000183673,0.000223307,0.000217882,0.00014253,0.000222539,0.000103368,0.00010408,0.000526249,-7.24514E-05
2145,9.25923E-05,0.000268499,0.000318599,-2.23516E-05,0.000171597,5.5772E-05,0.000134627,9.46885E-05,0.000184977,0.000224213,0.000218835,0.0001425,0.00022343,0.000110177,0.000104879,0.000528369,-8.12244E-05
2146,9.29067E-05,0.000269066,0.000319753,-2.65317E-05,0.000151535,5.5772E-05,0.000135175,9.50176E-05,0.000186283,0.00022512,0.000219791,0.000142531,0.000224337,0.000114566,0.000103696,0.000530491,-9.02133E-05
2147,9.32193E-05,0.000269632,0.000320908,-2.99284E-05,0.000158257,5.5772E-05,0.000135722,9.53435E-05,0.000187577,0.000226026,0.000220741,0.000142497,0.000225238,0.000116948,0.00010206,0.000532612,-9.93826E-05
2148,9.35339E-05,0.000270202,0.000322065,-3.45069E-05,0.000161651,5.5772E-05,0.000136268,9.56724E-05,0.00018888,0.000226932,0.000221694,0.000142501,0.000226135,0.000104298,0.000104335,0.000534733,-0.000108769
2149,9.38478E-05,0.00027077,0.000323221,-3.8802E-05,0.000171744,5.5772E-05,0.000136816,9.60003E-05,0.000190183,0.000227838,0.000222648,0.000142522,0.000227038,0.0001111,0.000106291,0.000536855,-0.000118335
2150,9.41624E-05,0.00027134,0.00032438,-4.33178E-05,0.000151686,5.5772E-05,0.000137362,9.63294E-05,0.000191486,0.000228745,0.0002236,0.000142493,0.000227936,0.000115497,0.000107091,0.000538975,-0.000128118
2151,9.44756E-05,0.000271902,0.000325531,-4.70492E-05,0.000158408,5.5772E-05,0.000137909,9.66566E-05,0.000192782,0.000229651,0.000224552,0.000142522,0.000228838,0.000117873,0.000105905,0.000541097,-0.000138081
2152,9.47899E-05,0.000272476,0.00032669,-5.19627E-05,0.000161796,5.5772E-05,0.000138456,9.69853E-05,0.000194088,0.000230557,0.000225505,0.000142522,0.000229739,0.000105227,0.000104271,0.000543218,-0.000148261
2153,9.51042E-05,0.000273041,0.000327845,-5.65931E-05,0.000171896,5.5772E-05,0.000139003,9.73139E-05,0.00019539,0.000231464,0.000226459,0.000142523,0.000230638,0.00011203,0.000106546,0.000545339,-0.000158621
2154,9.54192E-05,0.000273613,0.000329004,-6.14441E-05,0.000151842,5.5772E-05,0.000139548,9.76436E-05,0.000196695,0.00023237,0.000227412,0.000142489,0.000231532,0.000116425,0.000108499,0.000547459,-0.000169199
2155,9.57321E-05,0.00027418,0.000330158,-6.55102E-05,0.000158558,5.5772E-05,0.000140097,9.79712E-05,0.000198,0.000233276,0.000228367,0.000142511,0.000232441,0.000118793,0.000109303,0.000549582,-0.000179956
2156,9.60457E-05,0.000274749,0.000331316,-7.07591E-05,0.000161946,5.5772E-05,0.000140643,9.8298E-05,0.000199292,0.000234182,0.000229315,0.000142515,0.000233332,0.000106159,0.000108113,0.000551702,-0.000190929
2157,9.63595E-05,0.000275317,0.000332471,-7.57235E-05,0.000172045,5.5772E-05,0.000141187,9.8626E-05,0.000200595,0.000235088,0.000230269,0.000142469,0.000234226,0.000112958,0.000106478,0.000553822,-0.00020208
2158,9.66743E-05,0.000275883,0.000333626,-8.09097E-05,0.000151986,5.5772E-05,0.000141733,9.89551E-05,0.000201901,0.000235994,0.000231223,0.000142528,0.000235128,0.000117348,0.000108754,0.000555943,-0.00021345
2159,9.69881E-05,0.000276451,0.000334782,-8.53119E-05,0.000158715,5.5772E-05,0.000142277,9.9283E-05,0.000203197,0.0002369,0.000232174,0.000142518,0.000236021,0.000119711,0.000110706,0.000558062,-0.000225001
2160,9.73039E-05,0.000277023,0.000335943,-9.08953E-05,0.000162111,5.5772E-05,0.000142824,9.96139E-05,0.000204507,0.000237806,0.000233129,0.000142489,0.000236924,0.000107083,0.000111508,0.000560184,-0.000236769
2161,9.76169E-05,0.000277586,0.000337095,-9.61963E-05,0.000172196,5.5772E-05,0.000143366,9.99412E-05,0.000205806,0.000238712,0.000234081,0.000142496,0.000237814,0.000113876,0.000110317,0.000562302,-0.000248717
2162,9.79309E-05,0.000278156,0.000338251,-0.000101718,0.000152138,5.5772E-05,0.000143914,0.000100269,0.000207108,0.000239618,0.000235034,0.000142474,0.000238723,0.000118275,0.000108685,0.000564424,-0.000260885
2163,9.82447E-05,0.00027872,0.000339405,-0.000106455,0.000158868,5.5772E-05,0.000144455,0.000100597,0.000208408,0.000240523,0.000235986,0.000142523,0.000239606,0.000120639,0.000110955,0.000566541,-0.000273232
2164,9.85578E-05,0.000279291,0.000340562,-0.000112374,0.000162244,5.5772E-05,0.000145003,0.000100924,0.000209708,0.00024143,0.000236939,0.000142426,0.000240511,0.000108006,0.000112914,0.000568664,-0.000285797
2165,9.88734E-05,0.000279863,0.000341721,-0.00011801,0.000172355,5.5772E-05,0.000145548,0.000101254,0.000211015,0.000242335,0.000237894,0.000142491,0.000241415,0.000114791,0.000113715,0.000570785,-0.000298543
2166,9.91876E-05,0.000280429,0.000342877,-0.000123867,0.000152294,5.5772E-05,0.000146096,0.000101583,0.000212315,0.000243242,0.000238844,0.000142493,0.000242308,0.000119193,0.000112526,0.000572905,-0.000311507
2167,9.9501E-05,0.000280996,0.000344032,-0.00012894,0.000159019,5.5772E-05,0.000146642,0.00010191,0.000213617,0.000244148,0.000239798,0.0001425,0.000243207,0.000121568,0.000110892,0.000575026,-0.000324652
2168,9.98153E-05,0.000281567,0.00034519,-0.000135195,0.00016241,5.5772E-05,0.000147187,0.000102239,0.000214918,0.000245054,0.000240751,0.000142498,0.000244104,0.000108931,0.000113166,0.000577146,-0.000338015
2169,0.000100129,0.000282136,0.000346347,-0.000141167,0.000172504,5.5772E-05,0.00014773,0.000102567,0.00021622,0.00024596,0.000241703,0.000142488,0.000244992,0.000115718,0.000115117,0.000579265,-0.00035156
2170,0.000100443,0.000282702,0.000347502,-0.000147358,0.00015244,5.5772E-05,0.000148275,0.000102895,0.00021752,0.000246866,0.000242655,0.000142477,0.000245893,0.000120121,0.000115918,0.000581385,-0.000365321
2171,0.000100757,0.000283269,0.000348657,-0.000152767,0.000159165,0.000055772,0.000148821,0.000103224,0.000218824,0.000247771,0.000243609,0.000142523,0.000246794,0.000122486,0.000114732,0.000583506,-0.000379263
2172,0.000101072,0.000283839,0.000349816,-0.000159356,0.000162563,0.000055772,0.000149368,0.000103554,0.000220128,0.000248677,0.000244562,0.000142503,0.000247694,0.000109852,0.000113097,0.000585628,-0.000393421
2173,0.000101385,0.000284404,0.000350968,-0.000165663,0.000172649,0.000055772,0.000149912,0.00010388,0.000221426,0.000249583,0.000245514,0.000142524,0.000248588,0.00011664,0.000115371,0.000587747,-0.000407761
2174,0.000101699,0.000284975,0.000352127,-0.000172191,0.000152587,0.000055772,0.000150461,0.000104209,0.000222731,0.00025049,0.000246468,0.000142495,0.000249497,0.000121052,0.000117327,0.00058987,-0.000422319
2175,0.000102014,0.000285539,0.000353281,-0.000177934,0.000159325,0.000055772,0.000151006,0.000104538,0.00022403,0.000251396,0.000247419,0.000142506,0.000250391,0.000123415,0.000118126,0.00059199,-0.000437058
2176,0.000102328,0.000286111,0.000354439,-0.00018486,0.00016271,0.000055772,0.000151552,0.000104866,0.000225335,0.000252302,0.000248374,0.000142482,0.000251286,0.000110771,0.000116939,0.00059411,-0.000452014
2177,0.000102642,0.000286678,0.000355595,-0.000191502,0.000172809,0.000055772,0.000152095,0.000105194,0.000226635,0.000253208,0.000249325,0.000142476,0.000252179,0.000117567,0.000115302,0.000596229,-0.000467152
2178,0.000102956,0.000287247,0.000356751,-0.000198364,0.000152742,0.000055772,0.000152639,0.000105522,0.000227937,0.000254113,0.000250279,0.000142492,0.000253079,0.000121972,0.000117578,0.000598349,-0.000482504
2179,0.00010327,0.000287817,0.000357907,-0.000204443,0.000159473,0.000055772,0.000153185,0.000105852,0.000229241,0.000255019,0.000251232,0.000142482,0.000253977,0.000124332,0.000119532,0.00060047,-0.000498038
2180,0.000103583,0.000288383,0.000359063,-0.000211703,0.000162859,0.000055772,0.000153732,0.000106178,0.000230537,0.000255925,0.000252183,0.000142478,0.000254877,0.000111688,0.000120333,0.000602591,-0.000513789
2181,0.000103897,0.00028895,0.000360218,-0.00021868,0.000172953,0.000055772,0.000154277,0.000106506,0.000231839,0.000256831,0.000253135,0.000142459,0.000255773,0.000118495,0.000119145,0.000604711,-0.00052972
2182,0.000104212,0.000289521,0.000361376,-0.000225878,0.000152892,0.000055772,0.000154827,0.000106836,0.00023315,0.000257738,0.000254093,0.000142502,0.000256685,0.000122907,0.000117515,0.000606835,-0.000545868
2183,0.000104526,0.000290087,0.000362532,-0.000232292,0.000159626,0.000055772,0.000155371,0.000107164,0.000234446,0.000258644,0.000255042,0.000142495,0.000257575,0.000125259,0.000119785,0.000608954,-0.000562195
2184,0.00010484,0.000290655,0.000363689,-0.000239888,0.000163011,0.000055772,0.000155916,0.000107492,0.000235747,0.00025955,0.000255995,0.000142502,0.000258469,0.000112613,0.00012174,0.000611074,-0.00057874
2185,0.000105154,0.000291221,0.000364842,-0.0002472,0.00017311,0.000055772,0.000156463,0.00010782,0.000237049,0.000260456,0.000256948,0.000142477,0.000259371,0.00011942,0.000122541,0.000613195,-0.000595467
2186,0.000105468,0.000291791,0.000365999,-0.000254734,0.000153045,0.000055772,0.000157009,0.000108148,0.000238349,0.000261362,0.0002579,0.000142478,0.000260271,0.000123834,0.000121354,0.000615316,-0.000612411
2187,0.000105782,0.00029236,0.000367155,-0.000261482,0.000159774,0.000055772,0.000157554,0.000108477,0.000239652,0.000262268,0.000258853,0.000142535,0.000261165,0.000126183,0.000119718,0.000617436,-0.000629535
2188,0.000106097,0.000292929,0.000368313,-0.000269414,0.000163168,0.000055772,0.000158098,0.000108805,0.000240952,0.000263174,0.000259805,0.000142535,0.000262059,0.000113538,0.000121992,0.000619555,-0.000646877
2189,0.000106411,0.000293496,0.000369468,-0.000277061,0.000173265,0.000055772,0.000158647,0.000109135,0.000242259,0.000264081,0.00026076,0.000142494,0.00026297,0.000120341,0.00012395,0.000621679,-0.000664399
2190,0.000106724,0.000294061,0.000370622,-0.00028493,0.000153194,0.000055772,0.000159193,0.000109461,0.000243557,0.000264987,0.000261711,0.000142512,0.000263865,0.000124767,0.000124748,0.000623799,-0.000682139
2191,0.00010704,0.000294637,0.000371785,-0.000292014,0.000159932,0.000055772,0.000159741,0.000109792,0.000244865,0.000265893,0.000262667,0.000142498,0.000264767,0.000127117,0.000123564,0.000625921,-0.000700059
2192,0.000107354,0.000295208,0.000372944,-0.00030028,0.000163326,0.000055772,0.000160286,0.000110121,0.000246167,0.000266799,0.000263619,0.000142506,0.000265664,0.000114475,0.000121927,0.000628041,-0.000718197
2193,0.000107667,0.000295769,0.000374094,-0.000308263,0.000173414,0.000055772,0.000160832,0.000110448,0.00024747,0.000267705,0.000264573,0.000142485,0.000266564,0.000121273,0.000124203,0.000630162,-0.000736515
2194,0.000107982,0.000296338,0.00037525,-0.000316467,0.000153358,0.000055772,0.000161381,0.000110777,0.000248771,0.000268612,0.000265526,0.000142526,0.000267466,0.000125691,0.000126158,0.000632284,-0.000755051
2195,0.000108297,0.000296908,0.000376408,-0.000323887,0.000160093,0.000055772,0.000161929,0.000111107,0.000250079,0.000269518,0.000266481,0.000142499,0.000268374,0.00012805,0.000126962,0.000634406,-0.000773767
2196,0.00010861,0.000297475,0.000377563,-0.000332488,0.00016347,0.000055772,0.00016248,0.000111434,0.000251378,0.000270425,0.000267433,0.000142505,0.00026928,0.0001154,0.000125776,0.000636529,-0.0007927
2197,0.000108924,0.000298044,0.00037872,-0.000340807,0.000173564,0.000055772,0.00016302,0.000111761,0.000252676,0.000271331,0.000268384,0.0001425,0.000270158,0.000122201,0.000124136,0.000638645,-0.000811815
2198,0.000109239,0.000298615,0.00037988,-0.000349346,0.000153516,0.000055772,0.000163564,0.000112092,0.00025398,0.000272237,0.000269337,0.0001425,0.000271053,0.000126611,0.000126412,0.000640766,-0.000831148
2199,0.000109552,0.000299178,0.000381031,-0.000357101,0.000160237,0.000055772,0.000164105,0.000112417,0.000255273,0.000273142,0.000270286,0.000142517,0.000271941,0.000128971,0.000128362,0.000642883,-0.000850661
2200,0.000109866,0.000299746,0.000382186,-0.000366038,0.000163626,0.000055772,0.000164651,0.000112747,0.000256584,0.000274047,0.000271243,0.000142503,0.00027285,0.000116314,0.000129165,0.000645005,-0.000870392