country,bge,rcp
globe,0.002940353392306916,NP-Base
AFG,0.0007900925704527051,NP-Base
AGO,0.010689252070941846,NP-Base
ALB,0.000515919648665708,NP-Base
AND,NaN,NP-Base
ARE,0.012910800750246532,NP-Base
ARG,0.0016520607534209475,NP-Base
ARM,-0.014647747369650133,NP-Base
ATG,0.03290493105511283,NP-Base
AUS,0.01514121143353342,NP-Base
AUT,-0.013674953533074352,NP-Base
AZE,-0.000565296691652617,NP-Base
BDI,0.008385869570786353,NP-Base
BEL,-0.0026439879470273597,NP-Base
BEN,0.005922246607421799,NP-Base
BFA,0.010705799333211141,NP-Base
BGD,0.007491599455743625,NP-Base
BGR,-0.003542130856100445,NP-Base
BHR,0.024962431124739615,NP-Base
BHS,0.018395751587223952,NP-Base
BIH,-0.006659296230284051,NP-Base
BLR,-0.014598961343080474,NP-Base
BLZ,0.010611433116404445,NP-Base
BMU,0.01402799156094603,NP-Base
BOL,0.016790511108819794,NP-Base
BRA,0.011647362964719132,NP-Base
BRB,-0.0014602645589449903,NP-Base
BRN,-0.0009284926691208728,NP-Base
BTN,-0.002709670448338808,NP-Base
BWA,0.015567202489558118,NP-Base
CAF,0.009261720843461996,NP-Base
CAN,-0.057530217006319995,NP-Base
CHE,-0.01544305384302913,NP-Base
CHL,-0.003308771250700615,NP-Base
CHN,-0.00942349693491984,NP-Base
CIV,0.005535038677389581,NP-Base
CMR,0.01406943232848401,NP-Base
COD,0.009947413650093884,NP-Base
COG,0.008200628933624055,NP-Base
COL,0.012452592527218309,NP-Base
COM,-0.0008787112550836529,NP-Base
CPV,0.013889777803640868,NP-Base
CRI,0.0051863475060682784,NP-Base
CUB,NaN,NP-Base
CYP,0.007002641954422462,NP-Base
CZE,-0.009985972427225764,NP-Base
DEU,-0.0061635462601802304,NP-Base
DJI,0.007926100661502788,NP-Base
DMA,0.03604459809823468,NP-Base
DNK,-0.002931509084813433,NP-Base
DOM,0.0003243665778029925,NP-Base
DZA,0.019237344159276804,NP-Base
ECU,0.0075771995720281815,NP-Base
EGY,0.01391817266890194,NP-Base
ERI,0.015048734834827382,NP-Base
ESH,NaN,NP-Base
ESP,0.0017441446213191103,NP-Base
EST,-0.01946012981748968,NP-Base
ETH,0.010935538338399997,NP-Base
FIN,-0.03572135382619346,NP-Base
FJI,0.007031604749485387,NP-Base
FRA,-0.0023208125828182435,NP-Base
FSM,0.1824476971502469,NP-Base
GAB,0.005539318130585835,NP-Base
GBR,-0.002456165840385882,NP-Base
GEO,-0.010600829053734384,NP-Base
GHA,0.005794448268277241,NP-Base
GIN,0.008266496927927802,NP-Base
GLP,NaN,NP-Base
GMB,0.01214979947925543,NP-Base
GNB,0.007905206052726488,NP-Base
GNQ,0.004708203019483603,NP-Base
GRC,0.0038554971837845287,NP-Base
GRD,0.011501402142912731,NP-Base
GTM,0.010083786770135328,NP-Base
GUF,NaN,NP-Base
GUY,0.011787952305776894,NP-Base
HKG,0.0061176580792212665,NP-Base
HND,0.007121780948019296,NP-Base
HRV,-0.002724797037198412,NP-Base
HTI,0.0030206486464599003,NP-Base
HUN,-0.0046171477405706485,NP-Base
IDN,0.001013765810675027,NP-Base
IND,0.006174375448131819,NP-Base
IRL,-0.00040169320095895245,NP-Base
IRN,0.009402230460068273,NP-Base
IRQ,0.015455355068139554,NP-Base
ISL,-0.01987773930219927,NP-Base
ISR,0.00941335940328214,NP-Base
ITA,-0.00015249057585164927,NP-Base
JAM,0.009495017775072556,NP-Base
JOR,0.01042592263803499,NP-Base
JPN,-0.001531183329463781,NP-Base
KAZ,-0.017883838028527,NP-Base
KEN,0.00970270416425012,NP-Base
KGZ,-0.032869027435203924,NP-Base
KHM,0.0013068544875878274,NP-Base
KNA,-0.004399129846212491,NP-Base
KOR,-0.000899940990759629,NP-Base
KWT,0.016901080536287694,NP-Base
LAO,0.004986450001176035,NP-Base
LBN,0.007554224542799082,NP-Base
LBR,0.003934486556879557,NP-Base
LBY,0.012002713722209402,NP-Base
LIE,NaN,NP-Base
LKA,0.0012772260967193194,NP-Base
LSO,-0.0007075547249800751,NP-Base
LTU,-0.013922014799781168,NP-Base
LUX,-0.00598028855877486,NP-Base
LVA,-0.015741868308352336,NP-Base
MAR,0.010098701862891524,NP-Base
MDA,-0.005590394930847897,NP-Base
MDG,0.005620069415124496,NP-Base
MEX,0.009772048833259328,NP-Base
MKD,-0.004653874248884193,NP-Base
MLI,0.013532156653893734,NP-Base
MMR,0.004106222439977714,NP-Base
MNE,-0.007436208318364446,NP-Base
MNG,-0.03744790242265961,NP-Base
MOZ,0.009306956277905565,NP-Base
MRT,0.010574749669892025,NP-Base
MTQ,NaN,NP-Base
MUS,-0.0006816548743164841,NP-Base
MWI,0.00931220330574245,NP-Base
MYS,0.003217672227093793,NP-Base
NAM,0.011477927171774427,NP-Base
NCL,NaN,NP-Base
NER,0.011312833288045221,NP-Base
NGA,0.007466628191816094,NP-Base
NIC,0.004468949529126576,NP-Base
NLD,0.022179550302940054,NP-Base
NOR,-0.02900954825115365,NP-Base
NPL,0.00047561272546858824,NP-Base
NRU,0.015373455027227312,NP-Base
NZL,0.004755696925899278,NP-Base
OMN,0.0109673939225301,NP-Base
PAK,0.009861874488096722,NP-Base
PAN,0.003143736218936377,NP-Base
PER,0.009867306709043788,NP-Base
PHL,0.004510067127539097,NP-Base
PLW,0.008367783664183559,NP-Base
PNG,0.0028579243430568724,NP-Base
POL,-0.009551324912534964,NP-Base
PRI,0.002015434408213057,NP-Base
PRK,NaN,NP-Base
PRT,0.0036301667869389487,NP-Base
PRY,0.01242965190547829,NP-Base
PSE,0.00850468026613238,NP-Base
QAT,0.013083399533886375,NP-Base
REU,NaN,NP-Base
ROU,-0.0071328860571922,NP-Base
RUS,-0.06282103730556243,NP-Base
RWA,0.007552652692613737,NP-Base
SAU,0.01631631666605582,NP-Base
SDN,0.010341658929864161,NP-Base
SEN,0.010571367265461262,NP-Base
SLB,0.005248124635231388,NP-Base
SLE,0.01405248857788588,NP-Base
SLV,0.005998688613795267,NP-Base
SMR,-0.003398368787202233,NP-Base
SOM,NaN,NP-Base
SRB,-0.004059192741996731,NP-Base
SSD,0.007649880848959567,NP-Base
STP,0.003984250183999283,NP-Base
SUR,0.00904509644719842,NP-Base
SVK,-0.011262494719346039,NP-Base
SVN,-0.007906102418373862,NP-Base
SWE,-0.027569635352457267,NP-Base
SYR,NaN,NP-Base
TCD,0.008917984028415482,NP-Base
TGO,0.007275836611559283,NP-Base
THA,0.004877368748689159,NP-Base
TJK,-0.02387146868183021,NP-Base
TKM,0.005013962470907574,NP-Base
TLS,0.0003886225836258195,NP-Base
TON,0.03848759716248118,NP-Base
TTO,-0.0005486032423676068,NP-Base
TUN,0.01718447834307013,NP-Base
TUR,-0.0022693118155164838,NP-Base
TUV,0.05446677811787515,NP-Base
TWN,NaN,NP-Base
TZA,0.007980411575021717,NP-Base
UGA,0.0073381212377618965,NP-Base
UKR,-0.00794392184415138,NP-Base
URY,0.005231731367588477,NP-Base
USA,-0.008922467495476316,NP-Base
UZB,-0.0002693639429778294,NP-Base
VEN,0.008886503776025956,NP-Base
VNM,0.007649705548121499,NP-Base
VUT,0.0031334682053445473,NP-Base
WSM,0.000934815315361881,NP-Base
YEM,0.013047910474430546,NP-Base
ZAF,0.006985028197272758,NP-Base
ZMB,0.011456203398717335,NP-Base
ZWE,0.011518524040752487,NP-Base
globe,0.0028027944969646335,CP-Base
AFG,0.0007700007407158704,CP-Base
AGO,0.010471369226505045,CP-Base
ALB,0.00051350362294178,CP-Base
AND,NaN,CP-Base
ARE,0.012557681601771842,CP-Base
ARG,0.0016162775138710561,CP-Base
ARM,-0.014582803628515717,CP-Base
ATG,0.032631307821709976,CP-Base
AUS,0.014954838143456994,CP-Base
AUT,-0.013601036760974794,CP-Base
AZE,-0.000572243505415515,CP-Base
BDI,0.00821427337216285,CP-Base
BEL,-0.0026174695423546446,CP-Base
BEN,0.0055954596373106735,CP-Base
BFA,0.010348129457351307,CP-Base
BGD,0.007278202446055371,CP-Base
BGR,-0.0035296715437482806,CP-Base
BHR,0.024579103312013295,CP-Base
BHS,0.01817621379577883,CP-Base
BIH,-0.00662614517082416,CP-Base
BLR,-0.014538788909937206,CP-Base
BLZ,0.010381504952355902,CP-Base
BMU,0.013855301232962303,CP-Base
BOL,0.016611590174036017,CP-Base
BRA,0.011378853586080595,CP-Base
BRB,-0.0016766013910878286,CP-Base
BRN,-0.0011405474675343363,CP-Base
BTN,-0.002698066143242084,CP-Base
BWA,0.015323134987848652,CP-Base
CAF,0.008979067924732353,CP-Base
CAN,-0.05723307328168237,CP-Base
CHE,-0.015355692542034394,CP-Base
CHL,-0.0032717754552727962,CP-Base
CHN,-0.009346778471058692,CP-Base
CIV,0.005259366728183057,CP-Base
CMR,0.01380012738234293,CP-Base
COD,0.009687055868033312,CP-Base
COG,0.007941893922866816,CP-Base
COL,0.012232970153716272,CP-Base
COM,-0.001077885062856887,CP-Base
CPV,0.013734537900456534,CP-Base
CRI,0.005000078973380395,CP-Base
CUB,NaN,CP-Base
CYP,0.0069031132035823894,CP-Base
CZE,-0.009933664452220103,CP-Base
DEU,-0.00612403234804848,CP-Base
DJI,0.007579161918280564,CP-Base
DMA,0.035833709131140035,CP-Base
DNK,-0.0028927444888684484,CP-Base
DOM,0.00014333118044396187,CP-Base
DZA,0.019004342774272764,CP-Base
ECU,0.007423514966207634,CP-Base
EGY,0.013676559235935137,CP-Base
ERI,0.01475310963821208,CP-Base
ESH,NaN,CP-Base
ESP,0.0017252800361400311,CP-Base
EST,-0.01937306952413209,CP-Base
ETH,0.010737808081403566,CP-Base
FIN,-0.03557317343297017,CP-Base
FJI,0.006888841974458826,CP-Base
FRA,-0.002305477809213974,CP-Base
FSM,0.18190439823243953,CP-Base
GAB,0.005294728444574348,CP-Base
GBR,-0.002421291729918451,CP-Base
GEO,-0.010547664879803853,CP-Base
GHA,0.005490665331086664,CP-Base
GIN,0.007994334846812778,CP-Base
GLP,NaN,CP-Base
GMB,0.011822757137890605,CP-Base
GNB,0.00760700204241771,CP-Base
GNQ,0.00448788020947033,CP-Base
GRC,0.0038167071350714288,CP-Base
GRD,0.011270340305798987,CP-Base
GTM,0.009905286635588206,CP-Base
GUF,NaN,CP-Base
GUY,0.011496183125218717,CP-Base
HKG,0.00596159144725128,CP-Base
HND,0.006940052616165371,CP-Base
HRV,-0.0027143428313388673,CP-Base
HTI,0.002825174600417757,CP-Base
HUN,-0.004597783569407987,CP-Base
IDN,0.0008233345759358635,CP-Base
IND,0.0059787950036107596,CP-Base
IRL,-0.000376628762188691,CP-Base
IRN,0.009294634471916474,CP-Base
IRQ,0.01521528578905329,CP-Base
ISL,-0.019777119658260123,CP-Base
ISR,0.009261225953538288,CP-Base
ITA,-0.00015749307584078664,CP-Base
JAM,0.009294932926443567,CP-Base
JOR,0.010273621143603195,CP-Base
JPN,-0.0015165357895976506,CP-Base
KAZ,-0.017810947631326957,CP-Base
KEN,0.009475392042934239,CP-Base
KGZ,-0.032745669245971,CP-Base
KHM,0.001072187853526918,CP-Base
KNA,-0.004586225433936608,CP-Base
KOR,-0.0008952073749541878,CP-Base
KWT,0.016572783745464115,CP-Base
LAO,0.004813069150845228,CP-Base
LBN,0.007489883284493404,CP-Base
LBR,0.0037001916407062296,CP-Base
LBY,0.011777623248739655,CP-Base
LIE,NaN,CP-Base
LKA,0.0010867349991037223,CP-Base
LSO,-0.0007117493316165513,CP-Base
LTU,-0.013852970151679078,CP-Base
LUX,-0.00594458549938226,CP-Base
LVA,-0.015664587275539876,CP-Base
MAR,0.009988905716747931,CP-Base
MDA,-0.005569649843297997,CP-Base
MDG,0.005445269777634598,CP-Base
MEX,0.009627031806659359,CP-Base
MKD,-0.004635306422757779,CP-Base
MLI,0.01312743738097999,CP-Base
MMR,0.003933088372878091,CP-Base
MNE,-0.007391930155968174,CP-Base
MNG,-0.03732732378467407,CP-Base
MOZ,0.009061458652790177,CP-Base
MRT,0.010180624705229846,CP-Base
MTQ,NaN,CP-Base
MUS,-0.0008165344909177863,CP-Base
MWI,0.00910241287355995,CP-Base
MYS,0.003023374454888872,CP-Base
NAM,0.01129187700685974,CP-Base
NCL,NaN,CP-Base
NER,0.010924032308593512,CP-Base
NGA,0.007150775523337094,CP-Base
NIC,0.004260785867103989,CP-Base
NLD,0.022166043247091816,CP-Base
NOR,-0.028875481392350744,CP-Base
NPL,0.0004588670226857161,CP-Base
NRU,0.015151475821481464,CP-Base
NZL,0.004768678318750608,CP-Base
OMN,0.010686779553105152,CP-Base
PAK,0.009713324535755907,CP-Base
PAN,0.0029437693004799037,CP-Base
PER,0.009728798424012641,CP-Base
PHL,0.004331133745498983,CP-Base
PLW,0.008152508145276016,CP-Base
PNG,0.00269161845214394,CP-Base
POL,-0.009501573975027933,CP-Base
PRI,0.0018375515241344509,CP-Base
PRK,NaN,CP-Base
PRT,0.0035882718518540635,CP-Base
PRY,0.01219667516215539,CP-Base
PSE,0.008360769629618625,CP-Base
QAT,0.012724031328551488,CP-Base
REU,NaN,CP-Base
ROU,-0.007097482624580431,CP-Base
RUS,-0.06257299330510135,CP-Base
RWA,0.007417169758293651,CP-Base
SAU,0.015997792054857074,CP-Base
SDN,0.00996494358277289,CP-Base
SEN,0.010220346893053733,CP-Base
SLB,0.005087585514312654,CP-Base
SLE,0.013767178928869583,CP-Base
SLV,0.005785914998569064,CP-Base
SMR,-0.0033847046834390992,CP-Base
SOM,NaN,CP-Base
SRB,-0.0040439465711444855,CP-Base
SSD,0.007317395234133439,CP-Base
STP,0.0038472491420364907,CP-Base
SUR,0.008764314637010218,CP-Base
SVK,-0.011205527449033803,CP-Base
SVN,-0.007865505057698674,CP-Base
SWE,-0.027431504284739505,CP-Base
SYR,NaN,CP-Base
TCD,0.008548095728657001,CP-Base
TGO,0.006973261765562899,CP-Base
THA,0.004653035068351796,CP-Base
TJK,-0.023748139710776717,CP-Base
TKM,0.004959530661981848,CP-Base
TLS,0.00023944544157239456,CP-Base
TON,0.03831791649931526,CP-Base
TTO,-0.0007701150675710755,CP-Base
TUN,0.017022823552067745,CP-Base
TUR,-0.0022627143018690843,CP-Base
TUV,0.05423179597428596,CP-Base
TWN,NaN,CP-Base
TZA,0.007768629890429812,CP-Base
UGA,0.00713146669823872,CP-Base
UKR,-0.00790650545512983,CP-Base
URY,0.005150215553527238,CP-Base
USA,-0.008848974374989438,CP-Base
UZB,-0.0002801039182686038,CP-Base
VEN,0.008623664986685986,CP-Base
VNM,0.007454282126503564,CP-Base
VUT,0.0030029055001350446,CP-Base
WSM,0.0007688841306072725,CP-Base
YEM,0.012820425068271746,CP-Base
ZAF,0.006866215141160703,CP-Base
ZMB,0.011235052571018755,CP-Base
ZWE,0.011310705955264844,CP-Base
globe,0.0016560847198534567,1.5-Base
AFG,0.0006087565535717321,1.5-Base
AGO,0.008627619939062026,1.5-Base
ALB,0.0005070873411152643,1.5-Base
AND,NaN,1.5-Base
ARE,0.009589501922915966,1.5-Base
ARG,0.0013197560905102712,1.5-Base
ARM,-0.013949180260574234,1.5-Base
ATG,0.030197008376429135,1.5-Base
AUS,0.013323805527424959,1.5-Base
AUT,-0.012891915158499745,1.5-Base
AZE,-0.000614747352717826,1.5-Base
BDI,0.006757841641728879,1.5-Base
BEL,-0.0023675663374788103,1.5-Base
BEN,0.002882856346412277,1.5-Base
BFA,0.007346753944005968,1.5-Base
BGD,0.005450970427686386,1.5-Base
BGR,-0.0033920192511364133,1.5-Base
BHR,0.02130270770852727,1.5-Base
BHS,0.01626651007011115,1.5-Base
BIH,-0.00629911346525347,1.5-Base
BLR,-0.01394622017067959,1.5-Base
BLZ,0.008420574949285387,1.5-Base
BMU,0.012352445620151808,1.5-Base
BOL,0.015029353105894927,1.5-Base
BRA,0.00908064717857715,1.5-Base
BRB,-0.0034774266210743088,1.5-Base
BRN,-0.002911784571381637,1.5-Base
BTN,-0.0025726736149250806,1.5-Base
BWA,0.013232397578678778,1.5-Base
CAF,0.006600830339891228,1.5-Base
CAN,-0.054380245002109806,1.5-Base
CHE,-0.014522234471932127,1.5-Base
CHL,-0.002931726437627513,1.5-Base
CHN,-0.008620890371045187,1.5-Base
CIV,0.002979470322794997,1.5-Base
CMR,0.011513843433896831,1.5-Base
COD,0.007487979421566315,1.5-Base
COG,0.0057635072455659575,1.5-Base
COL,0.01033660434387329,1.5-Base
COM,-0.0027052543666965523,1.5-Base
CPV,0.012389851198157054,1.5-Base
CRI,0.0034201535396931604,1.5-Base
CUB,NaN,1.5-Base
CYP,0.006050695291834218,1.5-Base
CZE,-0.009427945768178403,1.5-Base
DEU,-0.005745800703638504,1.5-Base
DJI,0.004686501134328225,1.5-Base
DMA,0.033905244088107134,1.5-Base
DNK,-0.0025391060722558256,1.5-Base
DOM,-0.0013638949335536,1.5-Base
DZA,0.016978157134034166,1.5-Base
ECU,0.006104933370945087,1.5-Base
EGY,0.011617977541039881,1.5-Base
ERI,0.012234334146366432,1.5-Base
ESH,NaN,1.5-Base
ESP,0.0015747827660894664,1.5-Base
EST,-0.01852489142992697,1.5-Base
ETH,0.009049200624790865,1.5-Base
FIN,-0.034121017105322116,1.5-Base
FJI,0.005671620505940833,1.5-Base
FRA,-0.0021507199443909775,1.5-Base
FSM,0.17648135301600432,1.5-Base
GAB,0.003271022412113078,1.5-Base
GBR,-0.0021047382010163096,1.5-Base
GEO,-0.010033581297786642,1.5-Base
GHA,0.0029805080630962433,1.5-Base
GIN,0.0057168512759133705,1.5-Base
GLP,NaN,1.5-Base
GMB,0.009074867208868076,1.5-Base
GNB,0.005114259225375006,1.5-Base
GNQ,0.0026545114446003826,1.5-Base
GRC,0.003488035727041483,1.5-Base
GRD,0.009289428865945082,1.5-Base
GTM,0.008364087751194349,1.5-Base
GUF,NaN,1.5-Base
GUY,0.009025588496799353,1.5-Base
HKG,0.004627524085681234,1.5-Base
HND,0.005389786832764365,1.5-Base
HRV,-0.002598158547272633,1.5-Base
HTI,0.001187444326924414,1.5-Base
HUN,-0.0043967247917355845,1.5-Base
IDN,-0.0007672540519293447,1.5-Base
IND,0.0043060327019133204,1.5-Base
IRL,-0.00015486715044532584,1.5-Base
IRN,0.008363502807876788,1.5-Base
IRQ,0.013158874032956458,1.5-Base
ISL,-0.01881100127718982,1.5-Base
ISR,0.007958916524929194,1.5-Base
ITA,-0.00018381693661650989,1.5-Base
JAM,0.007585631930322689,1.5-Base
JOR,0.008969681402160479,1.5-Base
JPN,-0.0013681526035260738,1.5-Base
KAZ,-0.017091001030446362,1.5-Base
KEN,0.007560592751886919,1.5-Base
KGZ,-0.03152673387930238,1.5-Base
KHM,-0.0008936702095753146,1.5-Base
KNA,-0.00612737468819724,1.5-Base
KOR,-0.0008371821883200736,1.5-Base
KWT,0.01378249976296897,1.5-Base
LAO,0.0033421868743352956,1.5-Base
LBN,0.006932102006689478,1.5-Base
LBR,0.0017624200232644327,1.5-Base
LBY,0.009868272113317866,1.5-Base
LIE,NaN,1.5-Base
LKA,-0.0005051998209285591,1.5-Base
LSO,-0.0007273285311019118,1.5-Base
LTU,-0.013185509661997163,1.5-Base
LUX,-0.005600568183110277,1.5-Base
LVA,-0.014917785270207817,1.5-Base
MAR,0.009040167054115589,1.5-Base
MDA,-0.005354881513171206,1.5-Base
MDG,0.0039750306144283876,1.5-Base
MEX,0.00836979421770212,1.5-Base
MKD,-0.004439919066034248,1.5-Base
MLI,0.0097173968919686,1.5-Base
MMR,0.0024703526554783473,1.5-Base
MNE,-0.0069655751493575835,1.5-Base
MNG,-0.036102029771277855,1.5-Base
MOZ,0.006993804650666791,1.5-Base
MRT,0.006884755068648385,1.5-Base
MTQ,NaN,1.5-Base
MUS,-0.00191638852769338,1.5-Base
MWI,0.007327073782269267,1.5-Base
MYS,0.0013871207239977146,1.5-Base
NAM,0.009703972875931388,1.5-Base
NCL,NaN,1.5-Base
NER,0.007675339646243229,1.5-Base
NGA,0.004515399843175505,1.5-Base
NIC,0.0025082892102452625,1.5-Base
NLD,0.021961321594500927,1.5-Base
NOR,-0.027577860783111197,1.5-Base
NPL,0.00033620096075082095,1.5-Base
NRU,0.013211956857008822,1.5-Base
NZL,0.004865626728520311,1.5-Base
OMN,0.00832268544267345,1.5-Base
PAK,0.008422641165745759,1.5-Base
PAN,0.0012672333324816876,1.5-Base
PER,0.008526671329243785,1.5-Base
PHL,0.002813251277336226,1.5-Base
PLW,0.006312173347144956,1.5-Base
PNG,0.001288554821116339,1.5-Base
POL,-0.009020569631545627,1.5-Base
PRI,0.00035122828042388754,1.5-Base
PRK,NaN,1.5-Base
PRT,0.003233561047427891,1.5-Base
PRY,0.010188759376879908,1.5-Base
PSE,0.007137502341225455,1.5-Base
QAT,0.009705718532271979,1.5-Base
REU,NaN,1.5-Base
ROU,-0.006748099317355316,1.5-Base
RUS,-0.06013685361748078,1.5-Base
RWA,0.006263242477241082,1.5-Base
SAU,0.013292564097734827,1.5-Base
SDN,0.006816609174513211,1.5-Base
SEN,0.007283540149658707,1.5-Base
SLB,0.0037272516399808886,1.5-Base
SLE,0.011349512141707097,1.5-Base
SLV,0.003984101383971428,1.5-Base
SMR,-0.003238301929985421,1.5-Base
SOM,NaN,1.5-Base
SRB,-0.003879283588070437,1.5-Base
SSD,0.004544870944231505,1.5-Base
STP,0.002701597095854824,1.5-Base
SUR,0.006396571630289838,1.5-Base
SVK,-0.010653877002757217,1.5-Base
SVN,-0.007468646889963515,1.5-Base
SWE,-0.02610785054328324,1.5-Base
SYR,NaN,1.5-Base
TCD,0.00545612175784238,1.5-Base
TGO,0.004455993710625439,1.5-Base
THA,0.0027565717735826833,1.5-Base
TJK,-0.02256211359169169,1.5-Base
TKM,0.0044873660744806365,1.5-Base
TLS,-0.0010063597054140727,1.5-Base
TON,0.03672471373459718,1.5-Base
TTO,-0.002612177679665706,1.5-Base
TUN,0.015607032424115763,1.5-Base
TUR,-0.0021785320114794393,1.5-Base
TUV,0.05202287337147604,1.5-Base
TWN,NaN,1.5-Base
TZA,0.005987875936348974,1.5-Base
UGA,0.00539792348474033,1.5-Base
UKR,-0.007538430392374895,1.5-Base
URY,0.004448357500521638,1.5-Base
USA,-0.008158068592295287,1.5-Base
UZB,-0.0003565380750302216,1.5-Base
VEN,0.006401295110170846,1.5-Base
VNM,0.005786770513906081,1.5-Base
VUT,0.0019028031999024364,1.5-Base
WSM,-0.0006204777246481274,1.5-Base
YEM,0.01087873382602167,1.5-Base
ZAF,0.0058546859843249255,1.5-Base
ZMB,0.009357946021317565,1.5-Base
ZWE,0.009536462501534393,1.5-Base
globe,0.0025451824339774998,NP-GMP
AFG,0.0007328409342308717,NP-GMP
AGO,0.010064171001267885,NP-GMP
ALB,0.000508251741086152,NP-GMP
AND,NaN,NP-GMP
ARE,0.011902238253230335,NP-GMP
ARG,0.0015490111267815188,NP-GMP
ARM,-0.0144464026697253,NP-GMP
ATG,0.03205141938107281,NP-GMP
AUS,0.014589199439881906,NP-GMP
AUT,-0.01345016257022602,NP-GMP
AZE,-0.0005831863380668656,NP-GMP
BDI,0.007893927205309126,NP-GMP
BEL,-0.002566265861060124,NP-GMP
BEN,0.004993321106313564,NP-GMP
BFA,0.009685009326569904,NP-GMP
BGD,0.006864743735702783,NP-GMP
BGR,-0.003501848721529588,NP-GMP
BHR,0.02384515836511869,NP-GMP
BHS,0.017730347859313378,NP-GMP
BIH,-0.006557251543179876,NP-GMP
BLR,-0.014411614113721272,NP-GMP
BLZ,0.009935969435093783,NP-GMP
BMU,0.01350723838944723,NP-GMP
BOL,0.016262374290776815,NP-GMP
BRA,0.010863515428220616,NP-GMP
BRB,-0.002088427670796089,NP-GMP
BRN,-0.0015427076967171605,NP-GMP
BTN,-0.002671968836993388,NP-GMP
BWA,0.014865012718948911,NP-GMP
CAF,0.008454165693182913,NP-GMP
CAN,-0.05662619452463724,NP-GMP
CHE,-0.015178009318507102,NP-GMP
CHL,-0.003198714821692983,NP-GMP
CHN,-0.009189849669220207,NP-GMP
CIV,0.0047526472727497104,NP-GMP
CMR,0.013288820870918094,NP-GMP
COD,0.009202430263836048,NP-GMP
COG,0.007459914704029069,NP-GMP
COL,0.01180930530352109,NP-GMP
COM,-0.001442617265842716,NP-GMP
CPV,0.013426734002728091,NP-GMP
CRI,0.004645309291931188,NP-GMP
CUB,NaN,NP-GMP
CYP,0.006712980551587977,NP-GMP
CZE,-0.009826368851176825,NP-GMP
DEU,-0.0060444131666606005,NP-GMP
DJI,0.006935919234433152,NP-GMP
DMA,0.03537023562492991,NP-GMP
DNK,-0.0028221307979051646,NP-GMP
DOM,-0.00019768736078451532,NP-GMP
DZA,0.01856191821157216,NP-GMP
ECU,0.00712676847502447,NP-GMP
EGY,0.013223338709773103,NP-GMP
ERI,0.014199218190020568,NP-GMP
ESH,NaN,NP-GMP
ESP,0.0016896619833761672,NP-GMP
EST,-0.019194052656056337,NP-GMP
ETH,0.010367304878598604,NP-GMP
FIN,-0.03526695348112896,NP-GMP
FJI,0.006605837564110262,NP-GMP
FRA,-0.0022740238004644864,NP-GMP
FSM,0.18052690920022418,NP-GMP
GAB,0.004843042290640032,NP-GMP
GBR,-0.002355501313985653,NP-GMP
GEO,-0.010437783849744142,NP-GMP
GHA,0.004932264282749399,NP-GMP
GIN,0.007490536173692108,NP-GMP
GLP,NaN,NP-GMP
GMB,0.011206296944967109,NP-GMP
GNB,0.007052067970527487,NP-GMP
GNQ,0.004081348744832791,NP-GMP
GRC,0.0037420179388110153,NP-GMP
GRD,0.010810013658344886,NP-GMP
GTM,0.009561871502320907,NP-GMP
GUF,NaN,NP-GMP
GUY,0.010932988143463218,NP-GMP
HKG,0.0056596627305991465,NP-GMP
HND,0.006592480564177494,NP-GMP
HRV,-0.0026912652177919494,NP-GMP
HTI,0.002452917554356171,NP-GMP
HUN,-0.004556154566610071,NP-GMP
IDN,0.00045966914472606035,NP-GMP
IND,0.005601924685370019,NP-GMP
IRL,-0.00033081092747677676,NP-GMP
IRN,0.00909138521652153,NP-GMP
IRQ,0.01476457914612328,NP-GMP
ISL,-0.019572005413750926,NP-GMP
ISR,0.008972406473290562,NP-GMP
ITA,-0.00016543771775912042,NP-GMP
JAM,0.008900307631450888,NP-GMP
JOR,0.009987807397614734,NP-GMP
JPN,-0.00148621183608999,NP-GMP
KAZ,-0.017656568419382568,NP-GMP
KEN,0.009052303591698507,NP-GMP
KGZ,-0.03248419327754504,NP-GMP
KHM,0.0006261860306286948,NP-GMP
KNA,-0.004935642821407238,NP-GMP
KOR,-0.0008846953105976496,NP-GMP
KWT,0.015958368704085846,NP-GMP
LAO,0.004481050500497297,NP-GMP
LBN,0.007363678439987531,NP-GMP
LBR,0.003269485582193088,NP-GMP
LBY,0.011357113595461099,NP-GMP
LIE,NaN,NP-GMP
LKA,0.0007231898637072298,NP-GMP
LSO,-0.0007168901888936485,NP-GMP
LTU,-0.013711928700217646,NP-GMP
LUX,-0.005871519685148874,NP-GMP
LVA,-0.015507461210800044,NP-GMP
MAR,0.009778475064642134,NP-GMP
MDA,-0.005524309457240362,NP-GMP
MDG,0.005120398269549353,NP-GMP
MEX,0.009346519302752432,NP-GMP
MKD,-0.0045950302284620825,NP-GMP
MLI,0.012375283286933048,NP-GMP
MMR,0.0036016894589416815,NP-GMP
MNE,-0.007302734335435046,NP-GMP
MNG,-0.0370669580529247,NP-GMP
MOZ,0.00860150117473224,NP-GMP
MRT,0.009451154706425768,NP-GMP
MTQ,NaN,NP-GMP
MUS,-0.0010625574585005904,NP-GMP
MWI,0.008711474851286649,NP-GMP
MYS,0.002649650331975284,NP-GMP
NAM,0.010943368177111834,NP-GMP
NCL,NaN,NP-GMP
NER,0.010205075217213588,NP-GMP
NGA,0.006566421230624897,NP-GMP
NIC,0.003866587755894546,NP-GMP
NLD,0.02209633338688244,NP-GMP
NOR,-0.0286013133559192,NP-GMP
NPL,0.0004295781208032423,NP-GMP
NRU,0.014697504881279189,NP-GMP
NZL,0.00478320096185314,NP-GMP
OMN,0.01016405485407823,NP-GMP
PAK,0.009424427798043755,NP-GMP
PAN,0.002564741120517411,NP-GMP
PER,0.009460705162374294,NP-GMP
PHL,0.003983037808289236,NP-GMP
PLW,0.007722288640210628,NP-GMP
PNG,0.002372773075087764,NP-GMP
POL,-0.00939979159409099,NP-GMP
PRI,0.001498045312590568,NP-GMP
PRK,NaN,NP-GMP
PRT,0.0035079734458387524,NP-GMP
PRY,0.011749262718072861,NP-GMP
PSE,0.008091874049365844,NP-GMP
QAT,0.012057001015957525,NP-GMP
REU,NaN,NP-GMP
ROU,-0.0070243443279591755,NP-GMP
RUS,-0.0620491474191025,NP-GMP
RWA,0.0071637030592699436,NP-GMP
SAU,0.015402919594574405,NP-GMP
SDN,0.009268160056709496,NP-GMP
SEN,0.00956425988666676,NP-GMP
SLB,0.004773368008018641,NP-GMP
SLE,0.013223672458756663,NP-GMP
SLV,0.005380862604063008,NP-GMP
SMR,-0.0033547043179020797,NP-GMP
SOM,NaN,NP-GMP
SRB,-0.004010290996105059,NP-GMP
SSD,0.006703263616118171,NP-GMP
STP,0.0035912128221922135,NP-GMP
SUR,0.008223331274384682,NP-GMP
SVK,-0.01108854756917621,NP-GMP
SVN,-0.007781632682958062,NP-GMP
SWE,-0.027150470860655807,NP-GMP
SYR,NaN,NP-GMP
TCD,0.007863880471319806,NP-GMP
TGO,0.006413611619252801,NP-GMP
THA,0.00422200446150045,NP-GMP
TJK,-0.023491527709272875,NP-GMP
TKM,0.004853767090654104,NP-GMP
TLS,-4.548137814386344e-5,NP-GMP
TON,0.037928225036884866,NP-GMP
TTO,-0.0011891302484473565,NP-GMP
TUN,0.016705127373143336,NP-GMP
TUR,-0.0022468730249567415,NP-GMP
TUV,0.05368891038235968,NP-GMP
TWN,NaN,NP-GMP
TZA,0.00737382041257062,NP-GMP
UGA,0.006748395473978874,NP-GMP
UKR,-0.007828961874401963,NP-GMP
URY,0.004991116020116593,NP-GMP
USA,-0.008702367189803106,NP-GMP
UZB,-0.0002985655030424139,NP-GMP
VEN,0.008122840924343011,NP-GMP
VNM,0.00707294004943626,NP-GMP
VUT,0.0027503491006133363,NP-GMP
WSM,0.000448386119724864,NP-GMP
YEM,0.012393916226491886,NP-GMP
ZAF,0.006643715203446643,NP-GMP
ZMB,0.010822218932854177,NP-GMP
ZWE,0.010921381430656352,NP-GMP
globe,0.0025302251352909977,CP-GMP
AFG,0.0007307029904146667,CP-GMP
AGO,0.010039537282358069,CP-GMP
ALB,0.0005085980674326418,CP-GMP
AND,NaN,CP-GMP
ARE,0.011861417037293487,CP-GMP
ARG,0.0015452777046014443,CP-GMP
ARM,-0.014441607423153147,CP-GMP
ATG,0.03203855422251234,CP-GMP
AUS,0.014572086571296605,CP-GMP
AUT,-0.013443611255534393,CP-GMP
AZE,-0.0005841540359318165,CP-GMP
BDI,0.007874299455689071,CP-GMP
BEL,-0.002563105050323866,CP-GMP
BEN,0.004954983238906641,CP-GMP
BFA,0.00964348226902878,CP-GMP
BGD,0.006844576951864578,CP-GMP
BGR,-0.0035009936763223948,CP-GMP
BHR,0.023806401581289327,CP-GMP
BHS,0.017715115805710724,CP-GMP
BIH,-0.006554445043046031,CP-GMP
BLR,-0.014407288018253972,CP-GMP
BLZ,0.009914417953443833,CP-GMP
BMU,0.013494429941354635,CP-GMP
BOL,0.016245021196169995,CP-GMP
BRA,0.010836608922106361,CP-GMP
BRB,-0.0021098826754134548,CP-GMP
BRN,-0.0015643524887192228,CP-GMP
BTN,-0.0026713007109927522,CP-GMP
BWA,0.014837403568753071,CP-GMP
CAF,0.008421448956587474,CP-GMP
CAN,-0.05659999019873352,CP-GMP
CHE,-0.015170190153998675,CP-GMP
CHL,-0.0031950182198826615,CP-GMP
CHN,-0.009183359638721633,CP-GMP
CIV,0.004720183256915478,CP-GMP
CMR,0.013260598371030996,CP-GMP
COD,0.009172441246839025,CP-GMP
COG,0.007430379133118059,CP-GMP
COL,0.011787566775386171,CP-GMP
COM,-0.0014660213093383723,CP-GMP
CPV,0.013413815391136952,CP-GMP
CRI,0.0046261607057784815,CP-GMP
CUB,NaN,CP-GMP
CYP,0.006702775663780303,CP-GMP
CZE,-0.00982179006332462,CP-GMP
DEU,-0.0060405973584736206,CP-GMP
DJI,0.006896060178714247,CP-GMP
DMA,0.03536411425377839,CP-GMP
DNK,-0.0028165268897174522,CP-GMP
DOM,-0.00021675475100357833,CP-GMP
DZA,0.01853636339299114,CP-GMP
ECU,0.007111859225832351,CP-GMP
EGY,0.013196182569041426,CP-GMP
ERI,0.014165743693884236,CP-GMP
ESH,NaN,CP-GMP
ESP,0.0016879192670935517,CP-GMP
EST,-0.01918644703923622,CP-GMP
ETH,0.010344824748503845,CP-GMP
FIN,-0.035254288246289955,CP-GMP
FJI,0.006594453103998754,CP-GMP
FRA,-0.00227248831518867,CP-GMP
FSM,0.18055634243009555,CP-GMP
GAB,0.004814872060695752,CP-GMP
GBR,-0.002351187629250351,CP-GMP
GEO,-0.010433413648379464,CP-GMP
GHA,0.004896547430201403,CP-GMP
GIN,0.00745887842415649,CP-GMP
GLP,NaN,CP-GMP
GMB,0.011171344436722297,CP-GMP
GNB,0.007018310593663202,CP-GMP
GNQ,0.004055565122374594,CP-GMP
GRC,0.0037383452517334437,CP-GMP
GRD,0.010791969028371984,CP-GMP
GTM,0.0095439209256718,CP-GMP
GUF,NaN,CP-GMP
GUY,0.010905458156629244,CP-GMP
HKG,0.005644831667555028,CP-GMP
HND,0.006574034492316416,CP-GMP
HRV,-0.002690442500867807,CP-GMP
HTI,0.0024333096359450135,CP-GMP
HUN,-0.004554674391915481,CP-GMP
IDN,0.0004410549267881425,CP-GMP
IND,0.005582855121832431,CP-GMP
IRL,-0.00032739593857622484,CP-GMP
IRN,0.009079404183636841,CP-GMP
IRQ,0.014737465455934684,CP-GMP
ISL,-0.019563028384741,CP-GMP
ISR,0.008956262307604268,CP-GMP
ITA,-0.00016599221051549762,CP-GMP
JAM,0.008883589928699864,CP-GMP
JOR,0.009970606124240167,CP-GMP
JPN,-0.0014848075498724578,CP-GMP
KAZ,-0.0176513784524861,CP-GMP
KEN,0.009026254795805766,CP-GMP
KGZ,-0.03247549308083908,CP-GMP
KHM,0.0006024121061523058,CP-GMP
KNA,-0.004955872688902518,CP-GMP
KOR,-0.0008841927855609555,CP-GMP
KWT,0.01592121729427798,CP-GMP
LAO,0.004463814883048256,CP-GMP
LBN,0.007357940439774113,CP-GMP
LBR,0.0032418929224458104,CP-GMP
LBY,0.011331513370935742,CP-GMP
LIE,NaN,CP-GMP
LKA,0.0007044624067638061,CP-GMP
LSO,-0.000717648895429579,CP-GMP
LTU,-0.013705727043596738,CP-GMP
LUX,-0.005868358523183681,CP-GMP
LVA,-0.015500305978491502,CP-GMP
MAR,0.00976721384629875,CP-GMP
MDA,-0.005522993711103097,CP-GMP
MDG,0.005100261802903905,CP-GMP
MEX,0.00933229130472868,CP-GMP
MKD,-0.004593655111629125,CP-GMP
MLI,0.01232851096800025,CP-GMP
MMR,0.0035845875861084675,CP-GMP
MNE,-0.007298388018837643,CP-GMP
MNG,-0.03705909930300599,CP-GMP
MOZ,0.008574302386217925,CP-GMP
MRT,0.009405329252403005,CP-GMP
MTQ,NaN,CP-GMP
MUS,-0.0010786331730423537,CP-GMP
MWI,0.008687387901638921,CP-GMP
MYS,0.002631128147845496,CP-GMP
NAM,0.010922263879507454,CP-GMP
NCL,NaN,CP-GMP
NER,0.010159745421111754,CP-GMP
NGA,0.0065297400180548415,CP-GMP
NIC,0.0038448262515311526,CP-GMP
NLD,0.0221062357414179,CP-GMP
NOR,-0.02858936161563197,CP-GMP
NPL,0.0004276118954986696,CP-GMP
NRU,0.01468294037111062,CP-GMP
NZL,0.00478737834637899,CP-GMP
OMN,0.010132027789493847,CP-GMP
PAK,0.009410303663316855,CP-GMP
PAN,0.002544102494638878,CP-GMP
PER,0.0094471522658377,CP-GMP
PHL,0.00396689755096169,CP-GMP
PLW,0.007706073143588066,CP-GMP
PNG,0.0023565398524671988,CP-GMP
POL,-0.009395353423131025,CP-GMP
PRI,0.0014805386383842656,CP-GMP
PRK,NaN,CP-GMP
PRT,0.0035038933389113236,CP-GMP
PRY,0.011725692207868343,CP-GMP
PSE,0.008075472439472708,CP-GMP
QAT,0.012015525841565955,CP-GMP
REU,NaN,CP-GMP
ROU,-0.007021211478319245,CP-GMP
RUS,-0.06203140541440055,CP-GMP
RWA,0.0071482809951310955,CP-GMP
SAU,0.015366532880044081,CP-GMP
SDN,0.00922426235799878,CP-GMP
SEN,0.009525352381952956,CP-GMP
SLB,0.004759515413084392,CP-GMP
SLE,0.0131944267837103,CP-GMP
SLV,0.005359016394423932,CP-GMP
SMR,-0.0033537275544177625,CP-GMP
SOM,NaN,CP-GMP
SRB,-0.004009224904951703,CP-GMP
SSD,0.00666438578341455,CP-GMP
STP,0.003576058524680459,CP-GMP
SUR,0.008196776114464788,CP-GMP
SVK,-0.011083581196704828,CP-GMP
SVN,-0.0077781427334581155,CP-GMP
SWE,-0.02713802504243068,CP-GMP
SYR,NaN,CP-GMP
TCD,0.007820741546389343,CP-GMP
TGO,0.006378648484433924,CP-GMP
THA,0.004200287427497562,CP-GMP
TJK,-0.02348209198070017,CP-GMP
TKM,0.004848626533334288,CP-GMP
TLS,-6.004934105119375e-5,CP-GMP
TON,0.03792747271598218,CP-GMP
TTO,-0.0012118886726009137,CP-GMP
TUN,0.016690454745017735,CP-GMP
TUR,-0.002246448700176762,CP-GMP
TUV,0.05368878686290057,CP-GMP
TWN,NaN,CP-GMP
TZA,0.00734982608000867,CP-GMP
UGA,0.006724426692344965,CP-GMP
UKR,-0.007825793756495725,CP-GMP
URY,0.0049836795769702125,CP-GMP
USA,-0.008695098425117176,CP-GMP
UZB,-0.0002998777003915265,CP-GMP
VEN,0.008096110360549469,CP-GMP
VNM,0.007055456616252398,CP-GMP
VUT,0.0027383285396640478,CP-GMP
WSM,0.0004331545286289096,CP-GMP
YEM,0.012368180952123442,CP-GMP
ZAF,0.0066302879525810265,CP-GMP
ZMB,0.010796931967025136,CP-GMP
ZWE,0.010897778877235753,CP-GMP
globe,0.001681395189670143,1.5-GMP
AFG,0.0006122072328687,1.5-GMP
AGO,0.00866904382071576,1.5-GMP
ALB,0.0005068992263344008,1.5-GMP
AND,NaN,1.5-GMP
ARE,0.009655850689707535,1.5-GMP
ARG,0.001326280923987122,1.5-GMP
ARM,-0.013964870395447249,1.5-GMP
ATG,0.030251947448783678,1.5-GMP
AUS,0.013361055772534325,1.5-GMP
AUT,-0.012909379451548353,1.5-GMP
AZE,-0.0006140784439320202,1.5-GMP
BDI,0.006790675394986234,1.5-GMP
BEL,-0.002373709108965505,1.5-GMP
BEN,0.0029427735845106717,1.5-GMP
BFA,0.007413690869652045,1.5-GMP
BGD,0.005491931524643778,1.5-GMP
BGR,-0.003395692161228814,1.5-GMP
BHR,0.021376444673251838,1.5-GMP
BHS,0.016309274326562262,1.5-GMP
BIH,-0.006307302071858922,1.5-GMP
BLR,-0.013960991747412721,1.5-GMP
BLZ,0.008464360891588862,1.5-GMP
BMU,0.01238622551616797,1.5-GMP
BOL,0.015066007981062723,1.5-GMP
BRA,0.009132346571128158,1.5-GMP
BRB,-0.003438023134586632,1.5-GMP
BRN,-0.00287285755590172,1.5-GMP
BTN,-0.00257595115424869,1.5-GMP
BWA,0.013279923298516572,1.5-GMP
CAF,0.0066539918478045745,1.5-GMP
CAN,-0.054450643936460374,1.5-GMP
CHE,-0.014542684300458686,1.5-GMP
CHL,-0.0029398370259983153,1.5-GMP
CHN,-0.008638470701174406,1.5-GMP
CIV,0.0030297080933463505,1.5-GMP
CMR,0.011565042585918173,1.5-GMP
COD,0.007537311187863827,1.5-GMP
COG,0.005812170515921533,1.5-GMP
COL,0.010379604393766284,1.5-GMP
COM,-0.0026698547244417004,1.5-GMP
CPV,0.012420137732805703,1.5-GMP
CRI,0.0034554503524040214,1.5-GMP
CUB,NaN,1.5-GMP
CYP,0.0060699523483396245,1.5-GMP
CZE,-0.00944046021061351,1.5-GMP
DEU,-0.005755120323867935,1.5-GMP
DJI,0.004750511356691245,1.5-GMP
DMA,0.03394942210197627,1.5-GMP
DNK,-0.0025477216488136722,1.5-GMP
DOM,-0.0013307695908799655,1.5-GMP
DZA,0.017024755175485407,1.5-GMP
ECU,0.006134625585100473,1.5-GMP
EGY,0.01166450394248919,1.5-GMP
ERI,0.012291240971777917,1.5-GMP
ESH,NaN,1.5-GMP
ESP,0.0015779689186281587,1.5-GMP
EST,-0.01854604609995736,1.5-GMP
ETH,0.009087447150547767,1.5-GMP
FIN,-0.03415739262472872,1.5-GMP
FJI,0.00569854523147062,1.5-GMP
FRA,-0.0021546661901281627,1.5-GMP
FSM,0.17660950788660168,1.5-GMP
GAB,0.0033155665902646625,1.5-GMP
GBR,-0.0021123230809267923,1.5-GMP
GEO,-0.010046266306465657,1.5-GMP
GHA,0.0030357619592660257,1.5-GMP
GIN,0.005767541885566718,1.5-GMP
GLP,NaN,1.5-GMP
GMB,0.009135851866186817,1.5-GMP
GNB,0.005169532124762011,1.5-GMP
GNQ,0.0026951038012239525,1.5-GMP
GRC,0.0034953840045826023,1.5-GMP
GRD,0.009333431246565382,1.5-GMP
GTM,0.008399068253818864,1.5-GMP
GUF,NaN,1.5-GMP
GUY,0.009080435877629967,1.5-GMP
HKG,0.004657393661701148,1.5-GMP
HND,0.005424591101698795,1.5-GMP
HRV,-0.002601277306397809,1.5-GMP
HTI,0.0012235336024781773,1.5-GMP
HUN,-0.00440191090761477,1.5-GMP
IDN,-0.0007323535181729124,1.5-GMP
IND,0.004343566276700628,1.5-GMP
IRL,-0.00016009786906312495,1.5-GMP
IRN,0.008384878623485248,1.5-GMP
IRQ,0.013205626529681158,1.5-GMP
ISL,-0.01883486190180228,1.5-GMP
ISR,0.007988382101042024,1.5-GMP
ITA,-0.00018352580301617127,1.5-GMP
JAM,0.007623591621521042,1.5-GMP
JOR,0.008999334683135629,1.5-GMP
JPN,-0.0013719248550113639,1.5-GMP
KAZ,-0.017108985796334242,1.5-GMP
KEN,0.007603433602966447,1.5-GMP
KGZ,-0.03155721970894687,1.5-GMP
KHM,-0.0008503388990477312,1.5-GMP
KNA,-0.00609380560330397,1.5-GMP
KOR,-0.0008388304271981228,1.5-GMP
KWT,0.013845452487857735,1.5-GMP
LAO,0.0033749855675064833,1.5-GMP
LBN,0.006944771390933857,1.5-GMP
LBR,0.001805110019359013,1.5-GMP
LBY,0.009911298858363393,1.5-GMP
LIE,NaN,1.5-GMP
LKA,-0.0004702516988684957,1.5-GMP
LSO,-0.0007273235000028189,1.5-GMP
LTU,-0.013202065272848285,1.5-GMP
LUX,-0.005609050304419716,1.5-GMP
LVA,-0.01493633675537942,1.5-GMP
MAR,0.009061798287846479,1.5-GMP
MDA,-0.005360385797993916,1.5-GMP
MDG,0.004007878805668996,1.5-GMP
MEX,0.008398411538008022,1.5-GMP
MKD,-0.004444998783635912,1.5-GMP
MLI,0.009793725635004469,1.5-GMP
MMR,0.0025028306294945235,1.5-GMP
MNE,-0.006976137020526796,1.5-GMP
MNG,-0.03613328406949756,1.5-GMP
MOZ,0.007039940946293344,1.5-GMP
MRT,0.0069580491496115116,1.5-GMP
MTQ,NaN,1.5-GMP
MUS,-0.0018924669827012908,1.5-GMP
MWI,0.007366990983420196,1.5-GMP
MYS,0.0014232354442167416,1.5-GMP
NAM,0.009739969264903392,1.5-GMP
NCL,NaN,1.5-GMP
NER,0.007747554261736012,1.5-GMP
NGA,0.004573846000734516,1.5-GMP
NIC,0.0025472136164768067,1.5-GMP
NLD,0.021966474672656666,1.5-GMP
NOR,-0.027610108518083543,1.5-GMP
NPL,0.00033862760910707834,1.5-GMP
NRU,0.013255493336477464,1.5-GMP
NZL,0.004863433036063514,1.5-GMP
OMN,0.008375573257576985,1.5-GMP
PAK,0.008452029697638919,1.5-GMP
PAN,0.0013042729783871998,1.5-GMP
PER,0.00855407389988283,1.5-GMP
PHL,0.002846862444373155,1.5-GMP
PLW,0.006352869951084195,1.5-GMP
PNG,0.0013196281692982037,1.5-GMP
POL,-0.009032482125369445,1.5-GMP
PRI,0.00038385819248021313,1.5-GMP
PRK,NaN,1.5-GMP
PRT,0.0032414929351720634,1.5-GMP
PRY,0.010234287570853429,1.5-GMP
PSE,0.007165144099802623,1.5-GMP
QAT,0.009773139833805011,1.5-GMP
REU,NaN,1.5-GMP
ROU,-0.006756868342125966,1.5-GMP
RUS,-0.060197534188552115,1.5-GMP
RWA,0.006289343161525851,1.5-GMP
SAU,0.013353591840850276,1.5-GMP
SDN,0.006886590000017012,1.5-GMP
SEN,0.007348621879226247,1.5-GMP
SLB,0.0037572682281925562,1.5-GMP
SLE,0.011403461222900813,1.5-GMP
SLV,0.004024303318157507,1.5-GMP
SMR,-0.0032421399365363257,1.5-GMP
SOM,NaN,1.5-GMP
SRB,-0.0038836209802590727,1.5-GMP
SSD,0.004606355340035062,1.5-GMP
STP,0.002726999927012086,1.5-GMP
SUR,0.00644893527994328,1.5-GMP
SVK,-0.010667545926532074,1.5-GMP
SVN,-0.007478531219549112,1.5-GMP
SWE,-0.026140490060479804,1.5-GMP
SYR,NaN,1.5-GMP
TCD,0.005524833747467817,1.5-GMP
TGO,0.0045116754566707495,1.5-GMP
THA,0.002798619548821657,1.5-GMP
TJK,-0.022591187097448784,1.5-GMP
TKM,0.004498126674213676,1.5-GMP
TLS,-0.0009790344175769627,1.5-GMP
TON,0.036761553096509525,1.5-GMP
TTO,-0.002571831255828494,1.5-GMP
TUN,0.015639437064896233,1.5-GMP
TUR,-0.00218093755047688,1.5-GMP
TUV,0.05207387932224172,1.5-GMP
TWN,NaN,1.5-GMP
TZA,0.006027617168106847,1.5-GMP
UGA,0.00543660304825111,1.5-GMP
UKR,-0.007547641073513911,1.5-GMP
URY,0.004464166732525143,1.5-GMP
USA,-0.008174843099105211,1.5-GMP
UZB,-0.00035508230972736143,1.5-GMP
VEN,0.006450800226247111,1.5-GMP
VNM,0.005823912260966457,1.5-GMP
VUT,0.0019270472497261437,1.5-GMP
WSM,-0.0005900797009509295,1.5-GMP
YEM,0.01092269844202054,1.5-GMP
ZAF,0.005877564457604567,1.5-GMP
ZMB,0.009400279814721468,1.5-GMP
ZWE,0.009576670616582073,1.5-GMP
globe,0.0024045564497754413,NP-GMP-LowCH4
AFG,0.0007127417723926666,NP-GMP-LowCH4
AGO,0.009840595495434146,NP-GMP-LowCH4
ALB,0.0005060983154800969,NP-GMP-LowCH4
AND,NaN,NP-GMP-LowCH4
ARE,0.011542253820544968,NP-GMP-LowCH4
ARG,0.0015124365085306124,NP-GMP-LowCH4
ARM,-0.014371215895249145,NP-GMP-LowCH4
ATG,0.031742030927780274,NP-GMP-LowCH4
AUS,0.014389784217522683,NP-GMP-LowCH4
AUT,-0.013366540200058563,NP-GMP-LowCH4
AZE,-0.0005889237647281886,NP-GMP-LowCH4
BDI,0.007717789092815508,NP-GMP-LowCH4
BEL,-0.0025374540909164356,NP-GMP-LowCH4
BEN,0.00466304672669704,NP-GMP-LowCH4
BFA,0.009320809417633358,NP-GMP-LowCH4
BGD,0.006639895244307192,NP-GMP-LowCH4
BGR,-0.0034861758066623283,NP-GMP-LowCH4
BHR,0.02344438409321814,NP-GMP-LowCH4
BHS,0.017490594759607347,NP-GMP-LowCH4
BIH,-0.006518947802643726,NP-GMP-LowCH4
BLR,-0.014341460639458736,NP-GMP-LowCH4
BLZ,0.009693922864933535,NP-GMP-LowCH4
BMU,0.013319550820874326,NP-GMP-LowCH4
BOL,0.016070929337150597,NP-GMP-LowCH4
BRA,0.010582251720009594,NP-GMP-LowCH4
BRB,-0.0023118403964534906,NP-GMP-LowCH4
BRN,-0.0017613578865242063,NP-GMP-LowCH4
BTN,-0.00265741825267507,NP-GMP-LowCH4
BWA,0.014612876172751532,NP-GMP-LowCH4
CAF,0.00816579221754088,NP-GMP-LowCH4
CAN,-0.056289825877431365,NP-GMP-LowCH4
CHE,-0.015079584064173535,NP-GMP-LowCH4
CHL,-0.00315828370468052,NP-GMP-LowCH4
CHN,-0.009103317992810611,NP-GMP-LowCH4
CIV,0.004474827593857311,NP-GMP-LowCH4
CMR,0.013009346530495902,NP-GMP-LowCH4
COD,0.008936082304938475,NP-GMP-LowCH4
COG,0.0071953554421240185,NP-GMP-LowCH4
COL,0.011577849806595708,NP-GMP-LowCH4
COM,-0.0016420938916539285,NP-GMP-LowCH4
CPV,0.013259989277423223,NP-GMP-LowCH4
CRI,0.004451713609207042,NP-GMP-LowCH4
CUB,NaN,NP-GMP-LowCH4
CYP,0.00660904877562718,NP-GMP-LowCH4
CZE,-0.00976684868120481,NP-GMP-LowCH4
DEU,-0.00600009682347058,NP-GMP-LowCH4
DJI,0.006583342792379376,NP-GMP-LowCH4
DMA,0.03512392662236352,NP-GMP-LowCH4
DNK,-0.0027819788328947714,NP-GMP-LowCH4
DOM,-0.00038339391134822876,NP-GMP-LowCH4
DZA,0.018318239746842657,NP-GMP-LowCH4
ECU,0.006965044286072253,NP-GMP-LowCH4
EGY,0.01297427176459709,NP-GMP-LowCH4
ERI,0.013894668977424862,NP-GMP-LowCH4
ESH,NaN,NP-GMP-LowCH4
ESP,0.0016705767223079704,NP-GMP-LowCH4
EST,-0.01909460466716939,NP-GMP-LowCH4
ETH,0.010163436717682606,NP-GMP-LowCH4
FIN,-0.035096824051614406,NP-GMP-LowCH4
FJI,0.006453394049600769,NP-GMP-LowCH4
FRA,-0.0022562981307775454,NP-GMP-LowCH4
FSM,0.1798106981854133,NP-GMP-LowCH4
GAB,0.0045957814055925805,NP-GMP-LowCH4
GBR,-0.0023186433847109944,NP-GMP-LowCH4
GEO,-0.010377032497626892,NP-GMP-LowCH4
GHA,0.004626198842364371,NP-GMP-LowCH4
GIN,0.0072139472990657705,NP-GMP-LowCH4
GLP,NaN,NP-GMP-LowCH4
GMB,0.010869588348650927,NP-GMP-LowCH4
GNB,0.006748066700395627,NP-GMP-LowCH4
GNQ,0.0038582990970468245,NP-GMP-LowCH4
GRC,0.0037014691363961294,NP-GMP-LowCH4
GRD,0.010561963740267188,NP-GMP-LowCH4
GTM,0.009374077689082272,NP-GMP-LowCH4
GUF,NaN,NP-GMP-LowCH4
GUY,0.010627337261306602,NP-GMP-LowCH4
HKG,0.005495468311644824,NP-GMP-LowCH4
HND,0.006402751713519672,NP-GMP-LowCH4
HRV,-0.002678177468820264,NP-GMP-LowCH4
HTI,0.0022505756719386483,NP-GMP-LowCH4
HUN,-0.004532886302854644,NP-GMP-LowCH4
IDN,0.0002624717235180096,NP-GMP-LowCH4
IND,0.005396647215536898,NP-GMP-LowCH4
IRL,-0.00030505777848754967,NP-GMP-LowCH4
IRN,0.008979425075713365,NP-GMP-LowCH4
IRQ,0.014516553647359487,NP-GMP-LowCH4
ISL,-0.019458260084755485,NP-GMP-LowCH4
ISR,0.008814197853445505,NP-GMP-LowCH4
ITA,-0.00016941537138470686,NP-GMP-LowCH4
JAM,0.008687133483429532,NP-GMP-LowCH4
JOR,0.009830536344440644,NP-GMP-LowCH4
JPN,-0.0014691523933179074,NP-GMP-LowCH4
KAZ,-0.017571390567697298,NP-GMP-LowCH4
KEN,0.008819982372328061,NP-GMP-LowCH4
KGZ,-0.032339962066890715,NP-GMP-LowCH4
KHM,0.0003836753613535304,NP-GMP-LowCH4
KNA,-0.005125859469429894,NP-GMP-LowCH4
KOR,-0.0008785204183953121,NP-GMP-LowCH4
KWT,0.015620717750413737,NP-GMP-LowCH4
LAO,0.004300281355743563,NP-GMP-LowCH4
LBN,0.007295061559205562,NP-GMP-LowCH4
LBR,0.0030333380219740302,NP-GMP-LowCH4
LBY,0.011126024666138656,NP-GMP-LowCH4
LIE,NaN,NP-GMP-LowCH4
LKA,0.0005259693577357449,NP-GMP-LowCH4
LSO,-0.0007194301524779956,NP-GMP-LowCH4
LTU,-0.013633584463851323,NP-GMP-LowCH4
LUX,-0.005830991355731618,NP-GMP-LowCH4
LVA,-0.015420045954714023,NP-GMP-LowCH4
MAR,0.00966321896329747,NP-GMP-LowCH4
MDA,-0.0054991692220972554,NP-GMP-LowCH4
MDG,0.004941990898371218,NP-GMP-LowCH4
MEX,0.009193228716017465,NP-GMP-LowCH4
MKD,-0.00457248919451847,NP-GMP-LowCH4
MLI,0.011962003858919212,NP-GMP-LowCH4
MMR,0.003421472977330975,NP-GMP-LowCH4
MNE,-0.007252982634175509,NP-GMP-LowCH4
MNG,-0.036922930804386134,NP-GMP-LowCH4
MOZ,0.008349544695863464,NP-GMP-LowCH4
MRT,0.009050739222827398,NP-GMP-LowCH4
MTQ,NaN,NP-GMP-LowCH4
MUS,-0.0011972035655897217,NP-GMP-LowCH4
MWI,0.008496587800633115,NP-GMP-LowCH4
MYS,0.0024469699941369605,NP-GMP-LowCH4
NAM,0.010751655865796295,NP-GMP-LowCH4
NCL,NaN,NP-GMP-LowCH4
NER,0.009810413207805624,NP-GMP-LowCH4
NGA,0.006245825260768445,NP-GMP-LowCH4
NIC,0.0036515598817186135,NP-GMP-LowCH4
NLD,0.022063319446471663,NP-GMP-LowCH4
NOR,-0.0284490384169217,NP-GMP-LowCH4
NPL,0.0004139080755114488,NP-GMP-LowCH4
NRU,0.01445376070797777,NP-GMP-LowCH4
NZL,0.004792618363345547,NP-GMP-LowCH4
OMN,0.009877101064225347,NP-GMP-LowCH4
PAK,0.009266813026296061,NP-GMP-LowCH4
PAN,0.002358324112265775,NP-GMP-LowCH4
PER,0.009314193272135007,NP-GMP-LowCH4
PHL,0.0037945661083507165,NP-GMP-LowCH4
PLW,0.00749101786719919,NP-GMP-LowCH4
PNG,0.0021995538789132407,NP-GMP-LowCH4
POL,-0.009343274431558912,NP-GMP-LowCH4
PRI,0.0013138147294053937,NP-GMP-LowCH4
PRK,NaN,NP-GMP-LowCH4
PRT,0.0034643146452044693,NP-GMP-LowCH4
PRY,0.011504596624672736,NP-GMP-LowCH4
PSE,0.007944021344371999,NP-GMP-LowCH4
QAT,0.011690753103653417,NP-GMP-LowCH4
REU,NaN,NP-GMP-LowCH4
ROU,-0.006983586871107561,NP-GMP-LowCH4
RUS,-0.061760352656707984,NP-GMP-LowCH4
RWA,0.007024292360234163,NP-GMP-LowCH4
SAU,0.015075833914216963,NP-GMP-LowCH4
SDN,0.008885669327242551,NP-GMP-LowCH4
SEN,0.00920531915997147,NP-GMP-LowCH4
SLB,0.004603669671116251,NP-GMP-LowCH4
SLE,0.012927120231196465,NP-GMP-LowCH4
SLV,0.005159916203089754,NP-GMP-LowCH4
SMR,-0.003337879369197605,NP-GMP-LowCH4
SOM,NaN,NP-GMP-LowCH4
SRB,-0.003991402815186729,NP-GMP-LowCH4
SSD,0.006366199046800913,NP-GMP-LowCH4
STP,0.0034511666761443127,NP-GMP-LowCH4
SUR,0.007929932098463155,NP-GMP-LowCH4
SVK,-0.011023648052248758,NP-GMP-LowCH4
SVN,-0.007735048461677385,NP-GMP-LowCH4
SWE,-0.02699460160162337,NP-GMP-LowCH4
SYR,NaN,NP-GMP-LowCH4
TCD,0.007488247970755424,NP-GMP-LowCH4
TGO,0.006106853527416689,NP-GMP-LowCH4
THA,0.003987861097912715,NP-GMP-LowCH4
TJK,-0.023350263016032713,NP-GMP-LowCH4
TKM,0.00479611662039825,NP-GMP-LowCH4
TLS,-0.0001999698879378009,NP-GMP-LowCH4
TON,0.037722614802170096,NP-GMP-LowCH4
TTO,-0.001416895234471971,NP-GMP-LowCH4
TUN,0.016531897522316985,NP-GMP-LowCH4
TUR,-0.0022377183237838327,NP-GMP-LowCH4
TUV,0.0534029514692671,NP-GMP-LowCH4
TWN,NaN,NP-GMP-LowCH4
TZA,0.00715727894731355,NP-GMP-LowCH4
UGA,0.006538031301698721,NP-GMP-LowCH4
UKR,-0.007785882287844048,NP-GMP-LowCH4
URY,0.004904648184663074,NP-GMP-LowCH4
USA,-0.00862093760705307,NP-GMP-LowCH4
UZB,-0.000308417297737007,NP-GMP-LowCH4
VEN,0.007849900757246786,NP-GMP-LowCH4
VNM,0.006866322485014953,NP-GMP-LowCH4
VUT,0.002613634133649345,NP-GMP-LowCH4
WSM,0.00027513398431588953,NP-GMP-LowCH4
YEM,0.012159339008585679,NP-GMP-LowCH4
ZAF,0.006521409258319233,NP-GMP-LowCH4
ZMB,0.010595233643153845,NP-GMP-LowCH4
ZWE,0.01070718519865732,NP-GMP-LowCH4
globe,0.00239005837294215,CP-GMP-LowCH4
AFG,0.0007106992788696864,CP-GMP-LowCH4
AGO,0.009816559746152809,CP-GMP-LowCH4
ALB,0.0005065306095379807,CP-GMP-LowCH4
AND,NaN,CP-GMP-LowCH4
ARE,0.011502446994110294,CP-GMP-LowCH4
ARG,0.001508838078437158,CP-GMP-LowCH4
ARM,-0.014366356925598178,CP-GMP-LowCH4
ATG,0.031730024990142436,CP-GMP-LowCH4
AUS,0.01437309395456099,CP-GMP-LowCH4
AUT,-0.0133599235352021,CP-GMP-LowCH4
AZE,-0.0005898122803583705,CP-GMP-LowCH4
BDI,0.007698606780196959,CP-GMP-LowCH4
BEL,-0.0025342577537305067,CP-GMP-LowCH4
BEN,0.0046257571412486875,CP-GMP-LowCH4
BFA,0.009280316203424066,CP-GMP-LowCH4
BGD,0.006620342005372537,CP-GMP-LowCH4
BGR,-0.0034852440198406276,CP-GMP-LowCH4
BHR,0.02340670095424091,CP-GMP-LowCH4
BHS,0.01747605904748739,CP-GMP-LowCH4
BIH,-0.00651607903628082,CP-GMP-LowCH4
BLR,-0.014337059394606055,CP-GMP-LowCH4
BLZ,0.009673072615750344,CP-GMP-LowCH4
BMU,0.01330726247155578,CP-GMP-LowCH4
BOL,0.01605389353092357,CP-GMP-LowCH4
BRA,0.010556075518743713,CP-GMP-LowCH4
BRB,-0.0023325056381534592,CP-GMP-LowCH4
BRN,-0.001782279203376258,CP-GMP-LowCH4
BTN,-0.002656694386022118,CP-GMP-LowCH4
BWA,0.014585837878674734,CP-GMP-LowCH4
CAF,0.008133870902105933,CP-GMP-LowCH4
CAN,-0.0562633700361681,CP-GMP-LowCH4
CHE,-0.015071703466330688,CP-GMP-LowCH4
CHL,-0.003154594701219038,CP-GMP-LowCH4
CHN,-0.009096803618442784,CP-GMP-LowCH4
CIV,0.004443281925379905,CP-GMP-LowCH4
CMR,0.012981901772200377,CP-GMP-LowCH4
COD,0.008906799301108048,CP-GMP-LowCH4
COG,0.007166555122101181,CP-GMP-LowCH4
COL,0.011556656502259566,CP-GMP-LowCH4
COM,-0.0016647572833874413,CP-GMP-LowCH4
CPV,0.013247526586531277,CP-GMP-LowCH4
CRI,0.004433111317825311,CP-GMP-LowCH4
CUB,NaN,CP-GMP-LowCH4
CYP,0.00659911217649789,CP-GMP-LowCH4
CZE,-0.009762209494439733,CP-GMP-LowCH4
DEU,-0.005996236984434633,CP-GMP-LowCH4
DJI,0.006544568102250459,CP-GMP-LowCH4
DMA,0.03511839173674969,CP-GMP-LowCH4
DNK,-0.0027763388652464194,CP-GMP-LowCH4
DOM,-0.0004018367156252145,CP-GMP-LowCH4
DZA,0.018293138250181862,CP-GMP-LowCH4
ECU,0.006950559667805889,CP-GMP-LowCH4
EGY,0.0129477287378299,CP-GMP-LowCH4
ERI,0.0138619306248422,CP-GMP-LowCH4
ESH,NaN,CP-GMP-LowCH4
ESP,0.0016689389722195358,CP-GMP-LowCH4
EST,-0.019086879261742462,CP-GMP-LowCH4
ETH,0.010141431081071017,CP-GMP-LowCH4
FIN,-0.03508393517469033,CP-GMP-LowCH4
FJI,0.006442508258319046,CP-GMP-LowCH4
FRA,-0.0022547099626157863,CP-GMP-LowCH4
FSM,0.1798412786195931,CP-GMP-LowCH4
GAB,0.0045684447462992495,CP-GMP-LowCH4
GBR,-0.002314326465893135,CP-GMP-LowCH4
GEO,-0.010372611826789502,CP-GMP-LowCH4
GHA,0.004591504230560872,CP-GMP-LowCH4
GIN,0.0071831024470332405,CP-GMP-LowCH4
GLP,NaN,CP-GMP-LowCH4
GMB,0.01083566660794677,CP-GMP-LowCH4
GNB,0.006715236888612308,CP-GMP-LowCH4
GNQ,0.003833207715879139,CP-GMP-LowCH4
GRC,0.0036979288079672656,CP-GMP-LowCH4
GRD,0.010544699878304087,CP-GMP-LowCH4
GTM,0.009356561699262134,CP-GMP-LowCH4
GUF,NaN,CP-GMP-LowCH4
GUY,0.010600763121244805,CP-GMP-LowCH4
HKG,0.005481092293817769,CP-GMP-LowCH4
HND,0.006384813568661052,CP-GMP-LowCH4
HRV,-0.002677283582663059,CP-GMP-LowCH4
HTI,0.002231633562731705,CP-GMP-LowCH4
HUN,-0.004531334291532185,CP-GMP-LowCH4
IDN,0.00024453913672783933,CP-GMP-LowCH4
IND,0.0053781289576930735,CP-GMP-LowCH4
IRL,-0.000301651510885792,CP-GMP-LowCH4
IRN,0.008967669031412884,CP-GMP-LowCH4
IRQ,0.014490004733429984,CP-GMP-LowCH4
ISL,-0.019449194113230428,CP-GMP-LowCH4
ISR,0.00879844736732438,CP-GMP-LowCH4
ITA,-0.00016988918239302375,CP-GMP-LowCH4
JAM,0.00867107846102333,CP-GMP-LowCH4
JOR,0.009813698556838668,CP-GMP-LowCH4
JPN,-0.001467697104266752,CP-GMP-LowCH4
KAZ,-0.017566103628435248,CP-GMP-LowCH4
KEN,0.008794576126347264,CP-GMP-LowCH4
KGZ,-0.03233110320337729,CP-GMP-LowCH4
KHM,0.000360688804803333,CP-GMP-LowCH4
KNA,-0.005145398489093567,CP-GMP-LowCH4
KOR,-0.0008779595921009076,CP-GMP-LowCH4
KWT,0.015584417857331001,CP-GMP-LowCH4
LAO,0.004283570614129761,CP-GMP-LowCH4
LBN,0.00728950370933279,CP-GMP-LowCH4
LBR,0.0030065244467385455,CP-GMP-LowCH4
LBY,0.011101020461820266,CP-GMP-LowCH4
LIE,NaN,CP-GMP-LowCH4
LKA,0.0005079155169300797,CP-GMP-LowCH4
LSO,-0.0007201038603512622,CP-GMP-LowCH4
LTU,-0.01362730058919459,CP-GMP-LowCH4
LUX,-0.005827790762484852,CP-GMP-LowCH4
LVA,-0.015412793589712148,CP-GMP-LowCH4
MAR,0.009652224824728384,CP-GMP-LowCH4
MDA,-0.005497790487952625,CP-GMP-LowCH4
MDG,0.004922352509463934,CP-GMP-LowCH4
MEX,0.00917934773025153,CP-GMP-LowCH4
MKD,-0.004571036450292887,CP-GMP-LowCH4
MLI,0.011916354902371973,CP-GMP-LowCH4
MMR,0.0034049221240315397,CP-GMP-LowCH4
MNE,-0.0072485748998804,CP-GMP-LowCH4
MNG,-0.03691481606351665,CP-GMP-LowCH4
MOZ,0.008323071641892277,CP-GMP-LowCH4
MRT,0.009006098166786547,CP-GMP-LowCH4
MTQ,NaN,CP-GMP-LowCH4
MUS,-0.0012127746053151034,CP-GMP-LowCH4
MWI,0.008473062386061825,CP-GMP-LowCH4
MYS,0.0024291052142240144,CP-GMP-LowCH4
NAM,0.010731009646528511,CP-GMP-LowCH4
NCL,NaN,CP-GMP-LowCH4
NER,0.00976625946854126,CP-GMP-LowCH4
NGA,0.006210115309599251,CP-GMP-LowCH4
NIC,0.0036304483717588543,CP-GMP-LowCH4
NLD,0.02207328575768397,CP-GMP-LowCH4
NOR,-0.028436929099217467,CP-GMP-LowCH4
NPL,0.00041206474221211487,CP-GMP-LowCH4
NRU,0.014439894394968844,CP-GMP-LowCH4
NZL,0.00479680397690041,CP-GMP-LowCH4
OMN,0.009845870618067964,CP-GMP-LowCH4
PAK,0.009253047983321494,CP-GMP-LowCH4
PAN,0.00233834328253546,CP-GMP-LowCH4
PER,0.009300969894337818,CP-GMP-LowCH4
PHL,0.0037790169699731813,CP-GMP-LowCH4
PLW,0.007475565885850521,CP-GMP-LowCH4
PNG,0.002183862120663571,CP-GMP-LowCH4
POL,-0.00933877597009758,CP-GMP-LowCH4
PRI,0.0012969408819634154,CP-GMP-LowCH4
PRK,NaN,CP-GMP-LowCH4
PRT,0.0034603740326208943,CP-GMP-LowCH4
PRY,0.011481604124436995,CP-GMP-LowCH4
PSE,0.00792799185910309,CP-GMP-LowCH4
QAT,0.011650323134215101,CP-GMP-LowCH4
REU,NaN,CP-GMP-LowCH4
ROU,-0.006980382754869008,CP-GMP-LowCH4
RUS,-0.06174234120070787,CP-GMP-LowCH4
RWA,0.0070092100134033775,CP-GMP-LowCH4
SAU,0.015040269380353521,CP-GMP-LowCH4
SDN,0.008842907993607207,CP-GMP-LowCH4
SEN,0.009167521522752242,CP-GMP-LowCH4
SLB,0.004590373784165935,CP-GMP-LowCH4
SLE,0.012898735807845174,CP-GMP-LowCH4
SLV,0.00513870761702151,CP-GMP-LowCH4
SMR,-0.0033368353299872977,CP-GMP-LowCH4
SOM,NaN,CP-GMP-LowCH4
SRB,-0.0039902574507028055,CP-GMP-LowCH4
SSD,0.006328341115744207,CP-GMP-LowCH4
STP,0.0034364525611423336,CP-GMP-LowCH4
SUR,0.00790433267304369,CP-GMP-LowCH4
SVK,-0.011018613557743806,CP-GMP-LowCH4
SVN,-0.007731495567361857,CP-GMP-LowCH4
SWE,-0.026982038211541992,CP-GMP-LowCH4
SYR,NaN,CP-GMP-LowCH4
TCD,0.007446216995049548,CP-GMP-LowCH4
TGO,0.006072859125170416,CP-GMP-LowCH4
THA,0.00396686392389789,CP-GMP-LowCH4
TJK,-0.023340760123082505,CP-GMP-LowCH4
TKM,0.004791115605643492,CP-GMP-LowCH4
TLS,-0.0002140030225108447,CP-GMP-LowCH4
TON,0.037722307317787473,CP-GMP-LowCH4
TTO,-0.0014388653063384105,CP-GMP-LowCH4
TUN,0.016517602557355016,CP-GMP-LowCH4
TUR,-0.002237207215994852,CP-GMP-LowCH4
TUV,0.05340345963827642,CP-GMP-LowCH4
TWN,NaN,CP-GMP-LowCH4
TZA,0.0071339052128081,CP-GMP-LowCH4
UGA,0.006514667076704006,CP-GMP-LowCH4
UKR,-0.0077826516044906535,CP-GMP-LowCH4
URY,0.00489744405008774,CP-GMP-LowCH4
USA,-0.008613626579662359,CP-GMP-LowCH4
UZB,-0.0003096447801511637,CP-GMP-LowCH4
VEN,0.007823981762165033,CP-GMP-LowCH4
VNM,0.006849455245737435,CP-GMP-LowCH4
VUT,0.002602067212249537,CP-GMP-LowCH4
WSM,0.00026051035368035436,CP-GMP-LowCH4
YEM,0.012134160325779852,CP-GMP-LowCH4
ZAF,0.006508286956733,CP-GMP-LowCH4
ZMB,0.010570522362389312,CP-GMP-LowCH4
ZWE,0.010684088073703801,CP-GMP-LowCH4
globe,0.0013319153636826009,1.5-GMP-LowCH4
AFG,0.0005644606978909561,1.5-GMP-LowCH4
AGO,0.00809913397487394,1.5-GMP-LowCH4
ALB,0.0005076138456296952,1.5-GMP-LowCH4
AND,NaN,1.5-GMP-LowCH4
ARE,0.008746750507798495,1.5-GMP-LowCH4
ARG,0.001235552145772978,1.5-GMP-LowCH4
ARM,-0.013738141498973122,1.5-GMP-LowCH4
ATG,0.029433143064099943,1.5-GMP-LowCH4
AUS,0.012834224857453114,1.5-GMP-LowCH4
AUT,-0.012660778510976134,1.5-GMP-LowCH4
AZE,-0.0006223332697765649,1.5-GMP-LowCH4
BDI,0.006339626875698334,1.5-GMP-LowCH4
BEL,-0.0022891913111160456,1.5-GMP-LowCH4
BEN,0.002124969399148746,1.5-GMP-LowCH4
BFA,0.0064976088624753014,1.5-GMP-LowCH4
BGD,0.004915441180187496,1.5-GMP-LowCH4
BGR,-0.0033425542250380413,1.5-GMP-LowCH4
BHR,0.0203457611099509,1.5-GMP-LowCH4
BHS,0.01568813820402326,1.5-GMP-LowCH4
BIH,-0.006190312265979103,1.5-GMP-LowCH4
BLR,-0.01374709235855709,1.5-GMP-LowCH4
BLZ,0.00784734216880012,1.5-GMP-LowCH4
BMU,0.011898351748719671,1.5-GMP-LowCH4
BOL,0.014550266856918626,1.5-GMP-LowCH4
BRA,0.008409570860783644,1.5-GMP-LowCH4
BRB,-0.003988545738185745,1.5-GMP-LowCH4
BRN,-0.0034143791146904467,1.5-GMP-LowCH4
BTN,-0.002528074042631001,1.5-GMP-LowCH4
BWA,0.012625368979080509,1.5-GMP-LowCH4
CAF,0.005925896816548315,1.5-GMP-LowCH4
CAN,-0.05344730872036618,1.5-GMP-LowCH4
CHE,-0.014251869762243796,1.5-GMP-LowCH4
CHL,-0.002826065000167688,1.5-GMP-LowCH4
CHN,-0.008387527672967687,1.5-GMP-LowCH4
CIV,0.0023444776691952107,1.5-GMP-LowCH4
CMR,0.01085320934291012,1.5-GMP-LowCH4
COD,0.006860851843352611,1.5-GMP-LowCH4
COG,0.005144297680570453,1.5-GMP-LowCH4
COL,0.00977707784065851,1.5-GMP-LowCH4
COM,-0.0031521137320201786,1.5-GMP-LowCH4
CPV,0.011987066292329818,1.5-GMP-LowCH4
CRI,0.002963899320626018,1.5-GMP-LowCH4
CUB,NaN,1.5-GMP-LowCH4
CYP,0.0058012312949144995,1.5-GMP-LowCH4
CZE,-0.009262129593296198,1.5-GMP-LowCH4
DEU,-0.005623620500177839,1.5-GMP-LowCH4
DJI,0.003873879982366768,1.5-GMP-LowCH4
DMA,0.03327875878708797,1.5-GMP-LowCH4
DNK,-0.0024326955316318344,1.5-GMP-LowCH4
DOM,-0.0017898780626213195,1.5-GMP-LowCH4
DZA,0.01637944546459491,1.5-GMP-LowCH4
ECU,0.005717676580162534,1.5-GMP-LowCH4
EGY,0.011023483189292138,1.5-GMP-LowCH4
ERI,0.011508290356337492,1.5-GMP-LowCH4
ESH,NaN,1.5-GMP-LowCH4
ESP,0.0015328807403958145,1.5-GMP-LowCH4
EST,-0.01824427311589749,1.5-GMP-LowCH4
ETH,0.008561403992218386,1.5-GMP-LowCH4
FIN,-0.033637287436321994,1.5-GMP-LowCH4
FJI,0.005312589303986259,1.5-GMP-LowCH4
FRA,-0.002099179262059492,1.5-GMP-LowCH4
FSM,0.1745233867819711,1.5-GMP-LowCH4
GAB,0.002705789102698697,1.5-GMP-LowCH4
GBR,-0.0020087638689730847,1.5-GMP-LowCH4
GEO,-0.009864546251862505,1.5-GMP-LowCH4
GHA,0.0022820114043913264,1.5-GMP-LowCH4
GIN,0.005074049895873012,1.5-GMP-LowCH4
GLP,NaN,1.5-GMP-LowCH4
GMB,0.008291011719205876,1.5-GMP-LowCH4
GNB,0.004410499885494801,1.5-GMP-LowCH4
GNQ,0.0021406528685554704,1.5-GMP-LowCH4
GRC,0.003391715789712535,1.5-GMP-LowCH4
GRD,0.008701068009236979,1.5-GMP-LowCH4
GTM,0.00790985079047335,1.5-GMP-LowCH4
GUF,NaN,1.5-GMP-LowCH4
GUY,0.008308297934100928,1.5-GMP-LowCH4
HKG,0.004237306677120856,1.5-GMP-LowCH4
HND,0.004938849808276968,1.5-GMP-LowCH4
HRV,-0.0025565455025132744,1.5-GMP-LowCH4
HTI,0.0007198349937069803,1.5-GMP-LowCH4
HUN,-0.0043272836732825,1.5-GMP-LowCH4
IDN,-0.0012208291089662593,1.5-GMP-LowCH4
IND,0.003817295087534367,1.5-GMP-LowCH4
IRL,-8.996680445583216e-5,1.5-GMP-LowCH4
IRN,0.008089400001711544,1.5-GMP-LowCH4
IRQ,0.01256151139729944,1.5-GMP-LowCH4
ISL,-0.018495196361420052,1.5-GMP-LowCH4
ISR,0.007579108969412607,1.5-GMP-LowCH4
ITA,-0.00018729929210226093,1.5-GMP-LowCH4
JAM,0.007081855535839621,1.5-GMP-LowCH4
JOR,0.008590697488966903,1.5-GMP-LowCH4
JPN,-0.001318698554032327,1.5-GMP-LowCH4
KAZ,-0.016848362385519344,1.5-GMP-LowCH4
KEN,0.007015618424505821,1.5-GMP-LowCH4
KGZ,-0.031114957235688134,1.5-GMP-LowCH4
KHM,-0.001453987509804855,1.5-GMP-LowCH4
KNA,-0.006556830821667026,1.5-GMP-LowCH4
KOR,-0.0008156526044724721,1.5-GMP-LowCH4
KWT,0.012979164201087245,1.5-GMP-LowCH4
LAO,0.0029164101407799237,1.5-GMP-LowCH4
LBN,0.0067647040634388755,1.5-GMP-LowCH4
LBR,0.0012228759087788976,1.5-GMP-LowCH4
LBY,0.009319662722019117,1.5-GMP-LowCH4
LIE,NaN,1.5-GMP-LowCH4
LKA,-0.0009589885443797019,1.5-GMP-LowCH4
LSO,-0.0007260935509688649,1.5-GMP-LowCH4
LTU,-0.012966590306274783,1.5-GMP-LowCH4
LUX,-0.005488373243332956,1.5-GMP-LowCH4
LVA,-0.014673172345122443,1.5-GMP-LowCH4
MAR,0.008759569767229358,1.5-GMP-LowCH4
MDA,-0.005280193406255185,1.5-GMP-LowCH4
MDG,0.003557639595776374,1.5-GMP-LowCH4
MEX,0.00799679534673392,1.5-GMP-LowCH4
MKD,-0.0043717520332805515,1.5-GMP-LowCH4
MLI,0.008747932110989343,1.5-GMP-LowCH4
MMR,0.002048492333902807,1.5-GMP-LowCH4
MNE,-0.006827313765369936,1.5-GMP-LowCH4
MNG,-0.035677306823391874,1.5-GMP-LowCH4
MOZ,0.006403797316748339,1.5-GMP-LowCH4
MRT,0.005955427225645904,1.5-GMP-LowCH4
MTQ,NaN,1.5-GMP-LowCH4
MUS,-0.0022176126237462013,1.5-GMP-LowCH4
MWI,0.006819122501436237,1.5-GMP-LowCH4
MYS,0.0009160007029784811,1.5-GMP-LowCH4
NAM,0.009244469146130863,1.5-GMP-LowCH4
NCL,NaN,1.5-GMP-LowCH4
NER,0.006760138845623986,1.5-GMP-LowCH4
NGA,0.0037744826550474286,1.5-GMP-LowCH4
NIC,0.002006633786034717,1.5-GMP-LowCH4
NLD,0.021854464658596973,1.5-GMP-LowCH4
NOR,-0.02715088796668863,1.5-GMP-LowCH4
NPL,0.000305798170227245,1.5-GMP-LowCH4
NRU,0.012620463862894171,1.5-GMP-LowCH4
NZL,0.004883922239208527,1.5-GMP-LowCH4
OMN,0.007649451933556373,1.5-GMP-LowCH4
PAK,0.008038125011996522,1.5-GMP-LowCH4
PAN,0.0007892324139264772,1.5-GMP-LowCH4
PER,0.008169277679164644,1.5-GMP-LowCH4
PHL,0.002371575882978094,1.5-GMP-LowCH4
PLW,0.005766267924282031,1.5-GMP-LowCH4
PNG,0.000884397373993373,1.5-GMP-LowCH4
POL,-0.008863017193631029,1.5-GMP-LowCH4
PRI,-7.262307755540043e-5,1.5-GMP-LowCH4
PRK,NaN,1.5-GMP-LowCH4
PRT,0.0031300126314761645,1.5-GMP-LowCH4
PRY,0.009598054593089156,1.5-GMP-LowCH4
PSE,0.006785006203366972,1.5-GMP-LowCH4
QAT,0.008849134295835448,1.5-GMP-LowCH4
REU,NaN,1.5-GMP-LowCH4
ROU,-0.0066320419526033625,1.5-GMP-LowCH4
RUS,-0.05931793089062154,1.5-GMP-LowCH4
RWA,0.0059303663169651966,1.5-GMP-LowCH4
SAU,0.012515018750364204,1.5-GMP-LowCH4
SDN,0.005929681699168299,1.5-GMP-LowCH4
SEN,0.0064520074645753045,1.5-GMP-LowCH4
SLB,0.003330702135078356,1.5-GMP-LowCH4
SLE,0.01065135794219585,1.5-GMP-LowCH4
SLV,0.0034643604173891784,1.5-GMP-LowCH4
SMR,-0.0031867205565051515,1.5-GMP-LowCH4
SOM,NaN,1.5-GMP-LowCH4
SRB,-0.0038209065277216014,1.5-GMP-LowCH4
SSD,0.0037663854105278727,1.5-GMP-LowCH4
STP,0.0023767735607380658,1.5-GMP-LowCH4
SUR,0.005712125459939266,1.5-GMP-LowCH4
SVK,-0.010472670640055748,1.5-GMP-LowCH4
SVN,-0.007337479386690826,1.5-GMP-LowCH4
SWE,-0.025676346928522942,1.5-GMP-LowCH4
SYR,NaN,1.5-GMP-LowCH4
TCD,0.004585542656341701,1.5-GMP-LowCH4
TGO,0.003749594577037385,1.5-GMP-LowCH4
THA,0.002209063933271027,1.5-GMP-LowCH4
TJK,-0.022172235611708002,1.5-GMP-LowCH4
TKM,0.0043463439265616355,1.5-GMP-LowCH4
TLS,-0.0013615134381135263,1.5-GMP-LowCH4
TON,0.036189220286088064,1.5-GMP-LowCH4
TTO,-0.0031327639850896594,1.5-GMP-LowCH4
TUN,0.015180051297142505,1.5-GMP-LowCH4
TUR,-0.0021461828067380617,1.5-GMP-LowCH4
TUV,0.051278467583758314,1.5-GMP-LowCH4
TWN,NaN,1.5-GMP-LowCH4
TZA,0.005481490466026306,1.5-GMP-LowCH4
UGA,0.004906995223552313,1.5-GMP-LowCH4
UKR,-0.007415976073024244,1.5-GMP-LowCH4
URY,0.00424048051981063,1.5-GMP-LowCH4
USA,-0.00793904805756429,1.5-GMP-LowCH4
UZB,-0.0003744699842055388,1.5-GMP-LowCH4
VEN,0.005760401596387021,1.5-GMP-LowCH4
VNM,0.005297951097290365,1.5-GMP-LowCH4
VUT,0.0015850786893845115,1.5-GMP-LowCH4
WSM,-0.001018726205917031,1.5-GMP-LowCH4
YEM,0.010317504799475463,1.5-GMP-LowCH4
ZAF,0.00556249388739638,1.5-GMP-LowCH4
ZMB,0.008818628507501147,1.5-GMP-LowCH4
ZWE,0.009023412511958373,1.5-GMP-LowCH4
globe,0.0026396719982528793,NP-GMP-HighCH4
AFG,0.0007464248042843291,NP-GMP-HighCH4
AGO,0.010214056459283416,NP-GMP-HighCH4
ALB,0.0005098632948112858,NP-GMP-HighCH4
AND,NaN,NP-GMP-HighCH4
ARE,0.012143805916287054,NP-GMP-HighCH4
ARG,0.0015736102208878666,NP-GMP-HighCH4
ARM,-0.014495842700209427,NP-GMP-HighCH4
ATG,0.03225749818019885,NP-GMP-HighCH4
AUS,0.01472227828397088,NP-GMP-HighCH4
AUT,-0.013505249092212623,NP-GMP-HighCH4
AZE,-0.0005791447441175768,NP-GMP-HighCH4
BDI,0.008011958456955348,NP-GMP-HighCH4
BEL,-0.0025852828031984743,NP-GMP-HighCH4
BEN,0.005215349529467339,NP-GMP-HighCH4
BFA,0.00992946060138511,NP-GMP-HighCH4
BGD,0.007015276777695201,NP-GMP-HighCH4
BGR,-0.0035119773823661937,NP-GMP-HighCH4
BHR,0.0241134619206107,NP-GMP-HighCH4
BHS,0.017890503472686614,NP-GMP-HighCH4
BIH,-0.006582387082639474,NP-GMP-HighCH4
BLR,-0.014457686964406635,NP-GMP-HighCH4
BLZ,0.010098083914450884,NP-GMP-HighCH4
BMU,0.013632601889981721,NP-GMP-HighCH4
BOL,0.01638993760958707,NP-GMP-HighCH4
BRA,0.011051793872630222,NP-GMP-HighCH4
BRB,-0.0019382800105147702,NP-GMP-HighCH4
BRN,-0.001395811802483049,NP-GMP-HighCH4
BTN,-0.002681404314304081,NP-GMP-HighCH4
BWA,0.015033749625263493,NP-GMP-HighCH4
CAF,0.008647646472618842,NP-GMP-HighCH4
CAN,-0.05684774646694568,NP-GMP-HighCH4
CHE,-0.01524289694710812,NP-GMP-HighCH4
CHL,-0.003225502504331401,NP-GMP-HighCH4
CHN,-0.0092469697064268,NP-GMP-HighCH4
CIV,0.004939515154063878,NP-GMP-HighCH4
CMR,0.013476092503523995,NP-GMP-HighCH4
COD,0.009381035019324857,NP-GMP-HighCH4
COG,0.007637400167155084,NP-GMP-HighCH4
COL,0.011964049655847298,NP-GMP-HighCH4
COM,-0.0013082116705337432,NP-GMP-HighCH4
CPV,0.013538155832989673,NP-GMP-HighCH4
CRI,0.004775068277907968,NP-GMP-HighCH4
CUB,NaN,NP-GMP-HighCH4
CYP,0.006782550319236247,NP-GMP-HighCH4
CZE,-0.009865535982861773,NP-GMP-HighCH4
DEU,-0.0060736111173533835,NP-GMP-HighCH4
DJI,0.007172784373430385,NP-GMP-HighCH4
DMA,0.035533724785072884,NP-GMP-HighCH4
DNK,-0.002848750210349471,NP-GMP-HighCH4
DOM,-7.288418167039623e-5,NP-GMP-HighCH4
DZA,0.018724645029137843,NP-GMP-HighCH4
ECU,0.007234991984381489,NP-GMP-HighCH4
EGY,0.013390149998310674,NP-GMP-HighCH4
ERI,0.014403185592755996,NP-GMP-HighCH4
ESH,NaN,NP-GMP-HighCH4
ESP,0.001702569260683573,NP-GMP-HighCH4
EST,-0.01925942497490596,NP-GMP-HighCH4
ETH,0.010503796091341666,NP-GMP-HighCH4
FIN,-0.035378698827303934,NP-GMP-HighCH4
FJI,0.006707965713917297,NP-GMP-HighCH4
FRA,-0.0022856133919180177,NP-GMP-HighCH4
FSM,0.180997749750351,NP-GMP-HighCH4
GAB,0.005009344359500956,NP-GMP-HighCH4
GBR,-0.0023799610810624205,NP-GMP-HighCH4
GEO,-0.010477774174370236,NP-GMP-HighCH4
GHA,0.005138157226140638,NP-GMP-HighCH4
GIN,0.007676258507074429,NP-GMP-HighCH4
GLP,NaN,NP-GMP-HighCH4
GMB,0.011432252463842607,NP-GMP-HighCH4
GNB,0.0072562252136492145,NP-GMP-HighCH4
GNQ,0.0042312412237290875,NP-GMP-HighCH4
GRC,0.003769204484252775,NP-GMP-HighCH4
GRD,0.010976039045337505,NP-GMP-HighCH4
GTM,0.00968742432004599,NP-GMP-HighCH4
GUF,NaN,NP-GMP-HighCH4
GUY,0.01113791347583426,NP-GMP-HighCH4
HKG,0.00576961467520265,NP-GMP-HighCH4
HND,0.0067195449137036345,NP-GMP-HighCH4
HRV,-0.002699713218949795,NP-GMP-HighCH4
HTI,0.0025887783527074326,NP-GMP-HighCH4
HUN,-0.004571317732575131,NP-GMP-HighCH4
IDN,0.0005921569459896858,NP-GMP-HighCH4
IND,0.0057393752365730855,NP-GMP-HighCH4
IRL,-0.00034796304931228317,NP-GMP-HighCH4
IRN,0.009166204031729297,NP-GMP-HighCH4
IRQ,0.014930566580255933,NP-GMP-HighCH4
ISL,-0.019646926960622757,NP-GMP-HighCH4
ISR,0.009078314313053948,NP-GMP-HighCH4
ITA,-0.0001625801906577351,NP-GMP-HighCH4
JAM,0.00904305534053873,NP-GMP-HighCH4
JOR,0.010093067030028102,NP-GMP-HighCH4
JPN,-0.001497360609434839,NP-GMP-HighCH4
KAZ,-0.01771248612851828,NP-GMP-HighCH4
KEN,0.009208152135519843,NP-GMP-HighCH4
KGZ,-0.03257887374535362,NP-GMP-HighCH4
KHM,0.0007890459462807087,NP-GMP-HighCH4
KNA,-0.004807613031772351,NP-GMP-HighCH4
KOR,-0.000888621971345982,NP-GMP-HighCH4
KWT,0.01618458973438819,NP-GMP-HighCH4
LAO,0.004602230633214077,NP-GMP-HighCH4
LBN,0.007409525663747196,NP-GMP-HighCH4
LBR,0.003428321845917237,NP-GMP-HighCH4
LBY,0.011511983063756892,NP-GMP-HighCH4
LIE,NaN,NP-GMP-HighCH4
LKA,0.0008556821328904451,NP-GMP-HighCH4
LSO,-0.0007149513675895891,NP-GMP-HighCH4
LTU,-0.013763481976862613,NP-GMP-HighCH4
LUX,-0.005898201008441739,NP-GMP-HighCH4
LVA,-0.015564983573090108,NP-GMP-HighCH4
MAR,0.009855515352673594,NP-GMP-HighCH4
MDA,-0.005540709170903657,NP-GMP-HighCH4
MDG,0.0052401043335568165,NP-GMP-HighCH4
MEX,0.009448946932584468,NP-GMP-HighCH4
MKD,-0.004609693279888583,NP-GMP-HighCH4
MLI,0.01265251526744171,NP-GMP-HighCH4
MMR,0.003722570914370893,NP-GMP-HighCH4
MNE,-0.007335484776340717,NP-GMP-HighCH4
MNG,-0.037161134493306935,NP-GMP-HighCH4
MOZ,0.008770525178764643,NP-GMP-HighCH4
MRT,0.009720050131991176,NP-GMP-HighCH4
MTQ,NaN,NP-GMP-HighCH4
MUS,-0.0009718060347129187,NP-GMP-HighCH4
MWI,0.008855533477770017,NP-GMP-HighCH4
MYS,0.0027856625019144765,NP-GMP-HighCH4
NAM,0.011071735634001545,NP-GMP-HighCH4
NCL,NaN,NP-GMP-HighCH4
NER,0.010470139198460293,NP-GMP-HighCH4
NGA,0.006781781819084065,NP-GMP-HighCH4
NIC,0.004010866239948063,NP-GMP-HighCH4
NLD,0.022117417205172574,NP-GMP-HighCH4
NOR,-0.02870149927259713,NP-GMP-HighCH4
NPL,0.00044031470265593065,NP-GMP-HighCH4
NRU,0.014860261485439619,NP-GMP-HighCH4
NZL,0.004776739384844353,NP-GMP-HighCH4
OMN,0.010356549987549979,NP-GMP-HighCH4
PAK,0.009529731845207001,NP-GMP-HighCH4
PAN,0.0027033235415045986,NP-GMP-HighCH4
PER,0.009558589104029513,NP-GMP-HighCH4
PHL,0.0041093857157834535,NP-GMP-HighCH4
PLW,0.007877173690264083,NP-GMP-HighCH4
PNG,0.002488984025482699,NP-GMP-HighCH4
POL,-0.009436981285725121,NP-GMP-HighCH4
PRI,0.0016217937380240688,NP-GMP-HighCH4
PRK,NaN,NP-GMP-HighCH4
PRT,0.0035372477571911087,NP-GMP-HighCH4
PRY,0.011912881767042638,NP-GMP-HighCH4
PSE,0.008190931850031946,NP-GMP-HighCH4
QAT,0.012302800695051408,NP-GMP-HighCH4
REU,NaN,NP-GMP-HighCH4
ROU,-0.00705108636430174,NP-GMP-HighCH4
RUS,-0.062238873596450195,NP-GMP-HighCH4
RWA,0.007257076727180234,NP-GMP-HighCH4
SAU,0.01562208462758119,NP-GMP-HighCH4
SDN,0.009525040979913912,NP-GMP-HighCH4
SEN,0.009805283158520472,NP-GMP-HighCH4
SLB,0.004887150415515462,NP-GMP-HighCH4
SLE,0.013422439723044244,NP-GMP-HighCH4
SLV,0.005528989241376792,NP-GMP-HighCH4
SMR,-0.003365622448882055,NP-GMP-HighCH4
SOM,NaN,NP-GMP-HighCH4
SRB,-0.004022535173937247,NP-GMP-HighCH4
SSD,0.0069297066760736215,NP-GMP-HighCH4
STP,0.0036852589396592084,NP-GMP-HighCH4
SUR,0.008420157638994619,NP-GMP-HighCH4
SVK,-0.01113124530151488,NP-GMP-HighCH4
SVN,-0.007812240455978725,NP-GMP-HighCH4
SWE,-0.027253163757864685,NP-GMP-HighCH4
SYR,NaN,NP-GMP-HighCH4
TCD,0.00811614464582866,NP-GMP-HighCH4
TGO,0.0066197648525023745,NP-GMP-HighCH4
THA,0.004379043608782052,NP-GMP-HighCH4
TJK,-0.02358459833458637,NP-GMP-HighCH4
TKM,0.004892300459776733,NP-GMP-HighCH4
TLS,5.8314300829920285e-5,NP-GMP-HighCH4
TON,0.0380642963625768,NP-GMP-HighCH4
TTO,-0.0010360370855659884,NP-GMP-HighCH4
TUN,0.016820702696738188,NP-GMP-HighCH4
TUR,-0.002252675655679548,NP-GMP-HighCH4
TUV,0.05387814127409185,NP-GMP-HighCH4
TWN,NaN,NP-GMP-HighCH4
TZA,0.00751912095719387,NP-GMP-HighCH4
UGA,0.006889600129208029,NP-GMP-HighCH4
UKR,-0.007857249651279319,NP-GMP-HighCH4
URY,0.005048952181465616,NP-GMP-HighCH4
USA,-0.008756151000521406,NP-GMP-HighCH4
UZB,-0.0002917861293679769,NP-GMP-HighCH4
VEN,0.008305868165430885,NP-GMP-HighCH4
VNM,0.007211340168089553,NP-GMP-HighCH4
VUT,0.0028420879481920736,NP-GMP-HighCH4
WSM,0.0005647442803087266,NP-GMP-HighCH4
YEM,0.012550981288723229,NP-GMP-HighCH4
ZAF,0.006725638628674702,NP-GMP-HighCH4
ZMB,0.010974323908179207,NP-GMP-HighCH4
ZWE,0.011064795675635342,NP-GMP-HighCH4
globe,0.0026244029035518146,CP-GMP-HighCH4
AFG,0.0007442208170151954,CP-GMP-HighCH4
AGO,0.01018901732257027,CP-GMP-HighCH4
ALB,0.0005101495241972565,CP-GMP-HighCH4
AND,NaN,CP-GMP-HighCH4
ARE,0.012102297369727344,CP-GMP-HighCH4
ARG,0.0015697838373445183,CP-GMP-HighCH4
ARM,-0.014491092965188579,CP-GMP-HighCH4
ATG,0.03224405191776247,CP-GMP-HighCH4
AUS,0.014704881173476902,CP-GMP-HighCH4
AUT,-0.013498744624778958,CP-GMP-HighCH4
AZE,-0.0005801677914015757,CP-GMP-HighCH4
BDI,0.007992029141590695,CP-GMP-HighCH4
BEL,-0.0025821478139024245,CP-GMP-HighCH4
BEN,0.005176302385186293,CP-GMP-HighCH4
BFA,0.009887235204348865,CP-GMP-HighCH4
BGD,0.006994695040897225,CP-GMP-HighCH4
BGR,-0.003511176277359973,CP-GMP-HighCH4
BHR,0.024073977593509932,CP-GMP-HighCH4
BHS,0.017874800776122912,CP-GMP-HighCH4
BIH,-0.006579624830667541,CP-GMP-HighCH4
BLR,-0.014453413840359253,CP-GMP-HighCH4
BLZ,0.010076057719252685,CP-GMP-HighCH4
BMU,0.013619441809139543,CP-GMP-HighCH4
BOL,0.01637237014414583,CP-GMP-HighCH4
BRA,0.011024393887866912,CP-GMP-HighCH4
BRB,-0.001960270695988142,CP-GMP-HighCH4
BRN,-0.001417946238157941,CP-GMP-HighCH4
BTN,-0.0026807758391210745,CP-GMP-HighCH4
BWA,0.01500575373062163,CP-GMP-HighCH4
CAF,0.008614392710968533,CP-GMP-HighCH4
CAN,-0.05682171928891122,CP-GMP-HighCH4
CHE,-0.01523512224062984,CP-GMP-HighCH4
CHL,-0.0032218027407446836,CP-GMP-HighCH4
CHN,-0.009240500603199253,CP-GMP-HighCH4
CIV,0.004906428002727559,CP-GMP-HighCH4
CMR,0.013447344288485263,CP-GMP-HighCH4
COD,0.009350569172019707,CP-GMP-HighCH4
COG,0.007607368487280386,CP-GMP-HighCH4
COL,0.011941942574257292,CP-GMP-HighCH4
COM,-0.001332118010537009,CP-GMP-HighCH4
CPV,0.013524928762434163,CP-GMP-HighCH4
CRI,0.00475555008127948,CP-GMP-HighCH4
CUB,NaN,CP-GMP-HighCH4
CYP,0.0067721628906789455,CP-GMP-HighCH4
CZE,-0.009861000288500121,CP-GMP-HighCH4
DEU,-0.00606982711813997,CP-GMP-HighCH4
DJI,0.007132193814834764,CP-GMP-HighCH4
DMA,0.0355272072248356,CP-GMP-HighCH4
DNK,-0.0028431723076726145,CP-GMP-HighCH4
DOM,-9.237511882353999e-5,CP-GMP-HighCH4
DZA,0.018698783672681962,CP-GMP-HighCH4
ECU,0.00721979504104131,CP-GMP-HighCH4
EGY,0.01336257858889578,CP-GMP-HighCH4
ERI,0.014369214241578332,CP-GMP-HighCH4
ESH,NaN,CP-GMP-HighCH4
ESP,0.001700753531271637,CP-GMP-HighCH4
EST,-0.019251902880520033,CP-GMP-HighCH4
ETH,0.010480995799301507,CP-GMP-HighCH4
FIN,-0.035366188344874594,CP-GMP-HighCH4
FJI,0.0066962429758237185,CP-GMP-HighCH4
FRA,-0.002284115431496314,CP-GMP-HighCH4
FSM,0.18102641151504528,CP-GMP-HighCH4
GAB,0.0049806081061565255,CP-GMP-HighCH4
GBR,-0.0023756510673534903,CP-GMP-HighCH4
GEO,-0.010473440412807733,CP-GMP-HighCH4
GHA,0.00510174675948849,CP-GMP-HighCH4
GIN,0.007644050529629132,CP-GMP-HighCH4
GLP,NaN,CP-GMP-HighCH4
GMB,0.011396603273998274,CP-GMP-HighCH4
GNB,0.007221841015831343,CP-GMP-HighCH4
GNQ,0.004204989129879211,CP-GMP-HighCH4
GRC,0.0037654405269438307,CP-GMP-HighCH4
GRD,0.010957465600955452,CP-GMP-HighCH4
GTM,0.009669180008720746,CP-GMP-HighCH4
GUF,NaN,CP-GMP-HighCH4
GUY,0.011109734573305774,CP-GMP-HighCH4
HKG,0.005754475725902042,CP-GMP-HighCH4
HND,0.006700755123790314,CP-GMP-HighCH4
HRV,-0.0026989405812801737,CP-GMP-HighCH4
HTI,0.0025687193080332626,CP-GMP-HighCH4
HUN,-0.004569888204548289,CP-GMP-HighCH4
IDN,0.0005730796867986498,CP-GMP-HighCH4
IND,0.005719932763460056,CP-GMP-HighCH4
IRL,-0.0003445433668675113,CP-GMP-HighCH4
IRN,0.00915406965952803,CP-GMP-HighCH4
IRQ,0.01490306979568623,CP-GMP-HighCH4
ISL,-0.019638012313057063,CP-GMP-HighCH4
ISR,0.009061902595541849,CP-GMP-HighCH4
ITA,-0.00016319114237484111,CP-GMP-HighCH4
JAM,0.009025889293748701,CP-GMP-HighCH4
JOR,0.010075618464949754,CP-GMP-HighCH4
JPN,-0.0014959931090706702,CP-GMP-HighCH4
KAZ,-0.017707364284105576,CP-GMP-HighCH4
KEN,0.009181668730971593,CP-GMP-HighCH4
KGZ,-0.03257028400193096,CP-GMP-HighCH4
KHM,0.0007647385053850542,CP-GMP-HighCH4
KNA,-0.004828311557651177,CP-GMP-HighCH4
KOR,-0.0008881605340291809,CP-GMP-HighCH4
KWT,0.016146861343775853,CP-GMP-HighCH4
LAO,0.0045846392940598335,CP-GMP-HighCH4
LBN,0.007403664245126063,CP-GMP-HighCH4
LBR,0.0034002009113425213,CP-GMP-HighCH4
LBY,0.011485978472782543,CP-GMP-HighCH4
LIE,NaN,CP-GMP-HighCH4
LKA,0.0008364975660195562,CP-GMP-HighCH4
LSO,-0.0007157695528091645,CP-GMP-HighCH4
LTU,-0.013757338254662077,CP-GMP-HighCH4
LUX,-0.005895068443264151,CP-GMP-HighCH4
LVA,-0.015557896452617959,CP-GMP-HighCH4
MAR,0.009844072090781308,CP-GMP-HighCH4
MDA,-0.005539437879016007,CP-GMP-HighCH4
MDG,0.005219631325731333,CP-GMP-HighCH4
MEX,0.00943448392139623,CP-GMP-HighCH4
MKD,-0.004608372756601975,CP-GMP-HighCH4
MLI,0.01260498432954349,CP-GMP-HighCH4
MMR,0.0037050952485457866,CP-GMP-HighCH4
MNE,-0.007331182375667766,CP-GMP-HighCH4
MNG,-0.037153451390235515,CP-GMP-HighCH4
MOZ,0.008742835417308026,CP-GMP-HighCH4
MRT,0.009673423380984314,CP-GMP-HighCH4
MTQ,NaN,CP-GMP-HighCH4
MUS,-0.0009882246098616987,CP-GMP-HighCH4
MWI,0.008831066408251598,CP-GMP-HighCH4
MYS,0.002766694713160378,CP-GMP-HighCH4
NAM,0.011050320308042094,CP-GMP-HighCH4
NCL,NaN,CP-GMP-HighCH4
NER,0.010424013295077472,CP-GMP-HighCH4
NGA,0.006744444207077427,CP-GMP-HighCH4
NIC,0.0039886642946813655,CP-GMP-HighCH4
NLD,0.022127275654194145,CP-GMP-HighCH4
NOR,-0.02868965728841044,CP-GMP-HighCH4
NPL,0.0004382624218137732,CP-GMP-HighCH4
NRU,0.014845223908968697,CP-GMP-HighCH4
NZL,0.004780909738165695,CP-GMP-HighCH4
OMN,0.01032398394967271,CP-GMP-HighCH4
PAK,0.009515364069430321,CP-GMP-HighCH4
PAN,0.002682239418656085,CP-GMP-HighCH4
PER,0.009544812542122028,CP-GMP-HighCH4
PHL,0.00409284549524358,CP-GMP-HighCH4
PLW,0.007860440184083384,CP-GMP-HighCH4
PNG,0.002472383822718305,CP-GMP-HighCH4
POL,-0.009432586066131066,CP-GMP-HighCH4
PRI,0.0016038578941446335,CP-GMP-HighCH4
PRK,NaN,CP-GMP-HighCH4
PRT,0.0035330716391770434,CP-GMP-HighCH4
PRY,0.01188892002950448,CP-GMP-HighCH4
PSE,0.00817427725374098,CP-GMP-HighCH4
QAT,0.01226061685044555,CP-GMP-HighCH4
REU,NaN,CP-GMP-HighCH4
ROU,-0.007048003974697514,CP-GMP-HighCH4
RUS,-0.06222131970617695,CP-GMP-HighCH4
RWA,0.007241424414809794,CP-GMP-HighCH4
SAU,0.015585140992530722,CP-GMP-HighCH4
SDN,0.009480374514159395,CP-GMP-HighCH4
SEN,0.009765625254251953,CP-GMP-HighCH4
SLB,0.004872920792895474,CP-GMP-HighCH4
SLE,0.013392612146026384,CP-GMP-HighCH4
SLV,0.005506711062659653,CP-GMP-HighCH4
SMR,-0.003364693135093577,CP-GMP-HighCH4
SOM,NaN,CP-GMP-HighCH4
SRB,-0.004021524887520833,CP-GMP-HighCH4
SSD,0.006890139600089329,CP-GMP-HighCH4
STP,0.003669805971691975,CP-GMP-HighCH4
SUR,0.008392953274232173,CP-GMP-HighCH4
SVK,-0.011126327356185017,CP-GMP-HighCH4
SVN,-0.007808795307492122,CP-GMP-HighCH4
SWE,-0.027240800975549928,CP-GMP-HighCH4
SYR,NaN,CP-GMP-HighCH4
TCD,0.008072257409505124,CP-GMP-HighCH4
TGO,0.006584145573977018,CP-GMP-HighCH4
THA,0.004356839214896491,CP-GMP-HighCH4
TJK,-0.023575212373477483,CP-GMP-HighCH4
TKM,0.0048870642103988615,CP-GMP-HighCH4
TLS,4.338314228369278e-5,CP-GMP-HighCH4
TON,0.038063244015014375,CP-GMP-HighCH4
TTO,-0.0010593295987879614,CP-GMP-HighCH4
TUN,0.016805774030700604,CP-GMP-HighCH4
TUR,-0.002252312422865943,CP-GMP-HighCH4
TUV,0.053877591877759645,CP-GMP-HighCH4
TWN,NaN,CP-GMP-HighCH4
TZA,0.007494706641504756,CP-GMP-HighCH4
UGA,0.006865221811058531,CP-GMP-HighCH4
UKR,-0.007854125789749311,CP-GMP-HighCH4
URY,0.0050413579977561795,CP-GMP-HighCH4
USA,-0.00874891521151977,CP-GMP-HighCH4
UZB,-0.0002931572750051181,CP-GMP-HighCH4
VEN,0.008278586830859913,CP-GMP-HighCH4
VNM,0.0071934393121262374,CP-GMP-HighCH4
VUT,0.002829759736959314,CP-GMP-HighCH4
WSM,0.0005491009351783482,CP-GMP-HighCH4
YEM,0.012524869616531875,CP-GMP-HighCH4
ZAF,0.006712004030656082,CP-GMP-HighCH4
ZMB,0.01094864667279527,CP-GMP-HighCH4
ZWE,0.01104085086594786,CP-GMP-HighCH4
globe,0.0017780684721271367,1.5-GMP-HighCH4
AFG,0.0006254229128777045,1.5-GMP-HighCH4
AGO,0.008826973544107553,1.5-GMP-HighCH4
ALB,0.0005062904209047758,1.5-GMP-HighCH4
AND,NaN,1.5-GMP-HighCH4
ARE,0.009909021437096488,1.5-GMP-HighCH4
ARG,0.0013511911835151214,1.5-GMP-HighCH4
ARM,-0.014023837258059668,1.5-GMP-HighCH4
ATG,0.03046027609679891,1.5-GMP-HighCH4
AUS,0.013502560458926727,1.5-GMP-HighCH4
AUT,-0.012975139803532043,1.5-GMP-HighCH4
AZE,-0.000611397133503333,1.5-GMP-HighCH4
BDI,0.00691581848231837,1.5-GMP-HighCH4
BEL,-0.0023968961098268515,1.5-GMP-HighCH4
BEN,0.003171799172313694,1.5-GMP-HighCH4
BFA,0.007669214000225022,1.5-GMP-HighCH4
BGD,0.0056479009836611915,1.5-GMP-HighCH4
BGR,-0.0034094019029444755,1.5-GMP-HighCH4
BHR,0.02165725390366502,1.5-GMP-HighCH4
BHS,0.016471855052133222,1.5-GMP-HighCH4
BIH,-0.006338079350998949,1.5-GMP-HighCH4
BLR,-0.014016456651169573,1.5-GMP-HighCH4
BLZ,0.00863118164154586,1.5-GMP-HighCH4
BMU,0.012514635283058073,1.5-GMP-HighCH4
BOL,0.015205055869125017,1.5-GMP-HighCH4
BRA,0.009329237344261943,1.5-GMP-HighCH4
BRB,-0.0032874501835101766,1.5-GMP-HighCH4
BRN,-0.002724166661714933,1.5-GMP-HighCH4
BTN,-0.002588203590381033,1.5-GMP-HighCH4
BWA,0.01346085045925105,1.5-GMP-HighCH4
CAF,0.006856867175635939,1.5-GMP-HighCH4
CAN,-0.05471565190435257,1.5-GMP-HighCH4
CHE,-0.014619722080350894,1.5-GMP-HighCH4
CHL,-0.002970523770973732,1.5-GMP-HighCH4
CHN,-0.00870478970694255,1.5-GMP-HighCH4
CIV,0.0032217852512206324,1.5-GMP-HighCH4
CMR,0.011760216212583607,1.5-GMP-HighCH4
COD,0.007725475222446043,1.5-GMP-HighCH4
COG,0.005997876148620351,1.5-GMP-HighCH4
COL,0.01054318340570437,1.5-GMP-HighCH4
COM,-0.0025342789655835585,1.5-GMP-HighCH4
CPV,0.012535327760589743,1.5-GMP-HighCH4
CRI,0.00359001704862405,1.5-GMP-HighCH4
CUB,NaN,1.5-GMP-HighCH4
CYP,0.006143243179655533,1.5-GMP-HighCH4
CZE,-0.009487556669060981,1.5-GMP-HighCH4
DEU,-0.005790233299119318,1.5-GMP-HighCH4
DJI,0.00499509848510149,1.5-GMP-HighCH4
DMA,0.034116453680718806,1.5-GMP-HighCH4
DNK,-0.0025803212039958723,1.5-GMP-HighCH4
DOM,-0.001204196986960504,1.5-GMP-HighCH4
DZA,0.017201853455304672,1.5-GMP-HighCH4
ECU,0.006247656699871262,1.5-GMP-HighCH4
EGY,0.01184174776514868,1.5-GMP-HighCH4
ERI,0.01250806944020555,1.5-GMP-HighCH4
ESH,NaN,1.5-GMP-HighCH4
ESP,0.0015901681462038297,1.5-GMP-HighCH4
EST,-0.018625574326354366,1.5-GMP-HighCH4
ETH,0.0092331365545677,1.5-GMP-HighCH4
FIN,-0.0342940566888843,1.5-GMP-HighCH4
FJI,0.005801116076807,1.5-GMP-HighCH4
FRA,-0.002169489886695075,1.5-GMP-HighCH4
FSM,0.1770899523202898,1.5-GMP-HighCH4
GAB,0.0034858606949617066,1.5-GMP-HighCH4
GBR,-0.002141042706655605,1.5-GMP-HighCH4
GEO,-0.010093985965150543,1.5-GMP-HighCH4
GHA,0.003247043022978069,1.5-GMP-HighCH4
GIN,0.005961090788790591,1.5-GMP-HighCH4
GLP,NaN,1.5-GMP-HighCH4
GMB,0.00936863316295633,1.5-GMP-HighCH4
GNB,0.005380640131233738,1.5-GMP-HighCH4
GNQ,0.00285021118682649,1.5-GMP-HighCH4
GRC,0.003523357391326032,1.5-GMP-HighCH4
GRD,0.009500985789773875,1.5-GMP-HighCH4
GTM,0.00853214034124572,1.5-GMP-HighCH4
GUF,NaN,1.5-GMP-HighCH4
GUY,0.009289543652890364,1.5-GMP-HighCH4
HKG,0.004771150898449372,1.5-GMP-HighCH4
HND,0.005557182520217641,1.5-GMP-HighCH4
HRV,-0.0026129191565434917,1.5-GMP-HighCH4
HTI,0.0013613321525660638,1.5-GMP-HighCH4
HUN,-0.0044213378584531116,1.5-GMP-HighCH4
IDN,-0.0005990790819353498,1.5-GMP-HighCH4
IND,0.004486500398900972,1.5-GMP-HighCH4
IRL,-0.00017996099710493318,1.5-GMP-HighCH4
IRN,0.008466135958091092,1.5-GMP-HighCH4
IRQ,0.013383599588158157,1.5-GMP-HighCH4
ISL,-0.018924667423191766,1.5-GMP-HighCH4
ISR,0.008100536561860938,1.5-GMP-HighCH4
ITA,-0.00018228963947908294,1.5-GMP-HighCH4
JAM,0.007768206373222508,1.5-GMP-HighCH4
JOR,0.009112205959411535,1.5-GMP-HighCH4
JPN,-0.0013860995063562642,1.5-GMP-HighCH4
KAZ,-0.017176496629390248,1.5-GMP-HighCH4
KEN,0.0077668820952006,1.5-GMP-HighCH4
KGZ,-0.03167162856812833,1.5-GMP-HighCH4
KHM,-0.0006849055726320108,1.5-GMP-HighCH4
KNA,-0.005965358904745588,1.5-GMP-HighCH4
KOR,-0.0008449598911793865,1.5-GMP-HighCH4
KWT,0.014085335318235082,1.5-GMP-HighCH4
LAO,0.0034999998066784777,1.5-GMP-HighCH4
LBN,0.006992911897938825,1.5-GMP-HighCH4
LBR,0.0019683382845756547,1.5-GMP-HighCH4
LBY,0.010075281904365019,1.5-GMP-HighCH4
LIE,NaN,1.5-GMP-HighCH4
LKA,-0.00033679336464231824,1.5-GMP-HighCH4
LSO,-0.0007271422358567925,1.5-GMP-HighCH4
LTU,-0.013264355423762142,1.5-GMP-HighCH4
LUX,-0.005640990980744998,1.5-GMP-HighCH4
LVA,-0.015006133904814645,1.5-GMP-HighCH4
MAR,0.009144043457004924,1.5-GMP-HighCH4
MDA,-0.005380991553422976,1.5-GMP-HighCH4
MDG,0.004133236150333008,1.5-GMP-HighCH4
MEX,0.008507213155863225,1.5-GMP-HighCH4
MKD,-0.004464009337649899,1.5-GMP-HighCH4
MLI,0.010084951292723021,1.5-GMP-HighCH4
MMR,0.0026266806335901727,1.5-GMP-HighCH4
MNE,-0.007015910355573474,1.5-GMP-HighCH4
MNG,-0.036250305414276096,1.5-GMP-HighCH4
MOZ,0.007215972257905268,1.5-GMP-HighCH4
MRT,0.007237935126460204,1.5-GMP-HighCH4
MTQ,NaN,1.5-GMP-HighCH4
MUS,-0.0018008429066699305,1.5-GMP-HighCH4
MWI,0.007519188300348922,1.5-GMP-HighCH4
MYS,0.0015610253273425911,1.5-GMP-HighCH4
NAM,0.009877050121396946,1.5-GMP-HighCH4
NCL,NaN,1.5-GMP-HighCH4
NER,0.00802333478186723,1.5-GMP-HighCH4
NGA,0.004797118199506789,1.5-GMP-HighCH4
NIC,0.002695734974463404,1.5-GMP-HighCH4
NLD,0.02198522816397963,1.5-GMP-HighCH4
NOR,-0.02773139874431263,1.5-GMP-HighCH4
NPL,0.0003480136606428541,1.5-GMP-HighCH4
NRU,0.013420872775310233,1.5-GMP-HighCH4
NZL,0.004854916463616243,1.5-GMP-HighCH4
OMN,0.008577346605815217,1.5-GMP-HighCH4
PAK,0.008563709345702053,1.5-GMP-HighCH4
PAN,0.0014456876924422435,1.5-GMP-HighCH4
PER,0.008658230835139058,1.5-GMP-HighCH4
PHL,0.0029750028204256207,1.5-GMP-HighCH4
PLW,0.006507856235227205,1.5-GMP-HighCH4
PNG,0.0014381537086411988,1.5-GMP-HighCH4
POL,-0.009077313870276105,1.5-GMP-HighCH4
PRI,0.0005084861879249836,1.5-GMP-HighCH4
PRK,NaN,1.5-GMP-HighCH4
PRT,0.003271695983281475,1.5-GMP-HighCH4
PRY,0.010407507565080687,1.5-GMP-HighCH4
PSE,0.007270452993185295,1.5-GMP-HighCH4
QAT,0.010030418146548925,1.5-GMP-HighCH4
REU,NaN,1.5-GMP-HighCH4
ROU,-0.006789825281169337,1.5-GMP-HighCH4
RUS,-0.06042539370232136,1.5-GMP-HighCH4
RWA,0.006388775342710984,1.5-GMP-HighCH4
SAU,0.013586163043090904,1.5-GMP-HighCH4
SDN,0.007153845506568723,1.5-GMP-HighCH4
SEN,0.007597161574087741,1.5-GMP-HighCH4
SLB,0.003871717662591312,1.5-GMP-HighCH4
SLE,0.01160917854496657,1.5-GMP-HighCH4
SLV,0.00417758808643609,1.5-GMP-HighCH4
SMR,-0.0032564927474842964,1.5-GMP-HighCH4
SOM,NaN,1.5-GMP-HighCH4
SRB,-0.003899831693050304,1.5-GMP-HighCH4
SSD,0.0048412501033903155,1.5-GMP-HighCH4
STP,0.002823993557247162,1.5-GMP-HighCH4
SUR,0.006648671480610879,1.5-GMP-HighCH4
SVK,-0.010718977453795908,1.5-GMP-HighCH4
SVN,-0.00751570348192776,1.5-GMP-HighCH4
SWE,-0.026263373776135746,1.5-GMP-HighCH4
SYR,NaN,1.5-GMP-HighCH4
TCD,0.005787266657793166,1.5-GMP-HighCH4
TGO,0.004724435670245164,1.5-GMP-HighCH4
THA,0.0029589768025963803,1.5-GMP-HighCH4
TJK,-0.02270059753405107,1.5-GMP-HighCH4
TKM,0.0045389910650990295,1.5-GMP-HighCH4
TLS,-0.0008746817900598947,1.5-GMP-HighCH4
TON,0.036900443677220895,1.5-GMP-HighCH4
TTO,-0.0024176250452845327,1.5-GMP-HighCH4
TUN,0.015762497555372068,1.5-GMP-HighCH4
TUR,-0.002189864420246934,1.5-GMP-HighCH4
TUV,0.052266162963664486,1.5-GMP-HighCH4
TWN,NaN,1.5-GMP-HighCH4
TZA,0.006179272866795982,1.5-GMP-HighCH4
UGA,0.005584237271631487,1.5-GMP-HighCH4
UKR,-0.007582242627820146,1.5-GMP-HighCH4
URY,0.004524317273489675,1.5-GMP-HighCH4
USA,-0.008238170212188978,1.5-GMP-HighCH4
UZB,-0.00034941744477112735,1.5-GMP-HighCH4
VEN,0.006639570047865417,1.5-GMP-HighCH4
VNM,0.0059653924542286685,1.5-GMP-HighCH4
VUT,0.002019539473075538,1.5-GMP-HighCH4
WSM,-0.0004739984186195034,1.5-GMP-HighCH4
YEM,0.011090159917458875,1.5-GMP-HighCH4
ZAF,0.005964710039908505,1.5-GMP-HighCH4
ZMB,0.009561616293027653,1.5-GMP-HighCH4
ZWE,0.009729807634835996,1.5-GMP-HighCH4
